date,SMA
2018-03-19 09:49,93.5152
2018-03-19 09:50,93.4926
2018-03-19 09:51,93.4811
2018-03-19 09:52,93.4693
2018-03-19 09:53,93.4573
2018-03-19 09:54,93.4506
2018-03-19 09:55,93.4421
2018-03-19 09:56,93.4266
2018-03-19 09:57,93.4106
2018-03-19 09:58,93.3999
2018-03-19 09:59,93.4039
2018-03-19 10:00,93.4069
2018-03-19 10:01,93.4124
2018-03-19 10:02,93.4244
2018-03-19 10:03,93.4316
2018-03-19 10:04,93.4406
2018-03-19 10:05,93.4504
2018-03-19 10:06,93.4521
2018-03-19 10:07,93.457
2018-03-19 10:08,93.4647
2018-03-19 10:09,93.4742
2018-03-19 10:10,93.482
2018-03-19 10:11,93.483
2018-03-19 10:12,93.4713
2018-03-19 10:13,93.4543
2018-03-19 10:14,93.4401
2018-03-19 10:15,93.4316
2018-03-19 10:16,93.4256
2018-03-19 10:17,93.4198
2018-03-19 10:18,93.4146
2018-03-19 10:19,93.4111
2018-03-19 10:20,93.4056
2018-03-19 10:21,93.4
2018-03-19 10:22,93.3908
2018-03-19 10:23,93.385
2018-03-19 10:24,93.375
2018-03-19 10:25,93.3675
2018-03-19 10:26,93.3643
2018-03-19 10:27,93.3608
2018-03-19 10:28,93.362
2018-03-19 10:29,93.3625
2018-03-19 10:30,93.3652
2018-03-19 10:31,93.3674
2018-03-19 10:32,93.3802
2018-03-19 10:33,93.3952
2018-03-19 10:34,93.4072
2018-03-19 10:35,93.4164
2018-03-19 10:36,93.4194
2018-03-19 10:37,93.4212
2018-03-19 10:38,93.4209
2018-03-19 10:39,93.4159
2018-03-19 10:40,93.4129
2018-03-19 10:41,93.4092
2018-03-19 10:42,93.3999
2018-03-19 10:43,93.3932
2018-03-19 10:44,93.3859
2018-03-19 10:45,93.3714
2018-03-19 10:46,93.3599
2018-03-19 10:47,93.3502
2018-03-19 10:48,93.3357
2018-03-19 10:49,93.3197
2018-03-19 10:50,93.3042
2018-03-19 10:51,93.2849
2018-03-19 10:52,93.2637
2018-03-19 10:53,93.2412
2018-03-19 10:54,93.2122
2018-03-19 10:55,93.1804
2018-03-19 10:56,93.1539
2018-03-19 10:57,93.1274
2018-03-19 10:58,93.0987
2018-03-19 10:59,93.0757
2018-03-19 11:00,93.0494
2018-03-19 11:01,93.0227
2018-03-19 11:02,93.0025
2018-03-19 11:03,92.9812
2018-03-19 11:04,92.964
2018-03-19 11:05,92.948
2018-03-19 11:06,92.9322
2018-03-19 11:07,92.9167
2018-03-19 11:08,92.9025
2018-03-19 11:09,92.8915
2018-03-19 11:10,92.8785
2018-03-19 11:11,92.8715
2018-03-19 11:12,92.8662
2018-03-19 11:13,92.856
2018-03-19 11:14,92.8432
2018-03-19 11:15,92.8355
2018-03-19 11:16,92.8225
2018-03-19 11:17,92.81
2018-03-19 11:18,92.802
2018-03-19 11:19,92.7895
2018-03-19 11:20,92.7785
2018-03-19 11:21,92.767
2018-03-19 11:22,92.7577
2018-03-19 11:23,92.751
2018-03-19 11:24,92.7405
2018-03-19 11:25,92.7332
2018-03-19 11:26,92.727
2018-03-19 11:27,92.7182
2018-03-19 11:28,92.7095
2018-03-19 11:29,92.7005
2018-03-19 11:30,92.6925
2018-03-19 11:31,92.6785
2018-03-19 11:32,92.6627
2018-03-19 11:33,92.651
2018-03-19 11:34,92.65
2018-03-19 11:35,92.6512
2018-03-19 11:36,92.6567
2018-03-19 11:37,92.6612
2018-03-19 11:38,92.6647
2018-03-19 11:39,92.6722
2018-03-19 11:40,92.6785
2018-03-19 11:41,92.685
2018-03-19 11:42,92.687
2018-03-19 11:43,92.6897
2018-03-19 11:44,92.6952
2018-03-19 11:45,92.6935
2018-03-19 11:46,92.687
2018-03-19 11:47,92.679
2018-03-19 11:48,92.6712
2018-03-19 11:49,92.6672
2018-03-19 11:50,92.655
2018-03-19 11:51,92.654
2018-03-19 11:52,92.6573
2018-03-19 11:53,92.6578
2018-03-19 11:54,92.6558
2018-03-19 11:55,92.6463
2018-03-19 11:56,92.6353
2018-03-19 11:57,92.6275
2018-03-19 11:58,92.615
2018-03-19 11:59,92.6
2018-03-19 12:00,92.593
2018-03-19 12:01,92.5853
2018-03-19 12:02,92.5858
2018-03-19 12:03,92.5773
2018-03-19 12:04,92.5763
2018-03-19 12:05,92.5828
2018-03-19 12:06,92.5914
2018-03-19 12:07,92.6069
2018-03-19 12:08,92.6187
2018-03-19 12:09,92.6247
2018-03-19 12:10,92.6354
2018-03-19 12:11,92.6407
2018-03-19 12:12,92.6384
2018-03-19 12:13,92.6379
2018-03-19 12:14,92.6384
2018-03-19 12:15,92.6424
2018-03-19 12:16,92.6462
2018-03-19 12:17,92.6449
2018-03-19 12:18,92.6571
2018-03-19 12:19,92.6636
2018-03-19 12:20,92.6636
2018-03-19 12:21,92.6656
2018-03-19 12:22,92.6646
2018-03-19 12:23,92.6711
2018-03-19 12:24,92.6726
2018-03-19 12:25,92.6739
2018-03-19 12:26,92.6712
2018-03-19 12:27,92.6637
2018-03-19 12:28,92.6645
2018-03-19 12:29,92.6665
2018-03-19 12:30,92.6718
2018-03-19 12:31,92.6735
2018-03-19 12:32,92.6713
2018-03-19 12:33,92.669
2018-03-19 12:34,92.6623
2018-03-19 12:35,92.6588
2018-03-19 12:36,92.6598
2018-03-19 12:37,92.6653
2018-03-19 12:38,92.6641
2018-03-19 12:39,92.6656
2018-03-19 12:40,92.6696
2018-03-19 12:41,92.6724
2018-03-19 12:42,92.6758
2018-03-19 12:43,92.6813
2018-03-19 12:44,92.6798
2018-03-19 12:45,92.673
2018-03-19 12:46,92.6645
2018-03-19 12:47,92.657
2018-03-19 12:48,92.6455
2018-03-19 12:49,92.6343
2018-03-19 12:50,92.6195
2018-03-19 12:51,92.6107
2018-03-19 12:52,92.6115
2018-03-19 12:53,92.6107
2018-03-19 12:54,92.6152
2018-03-19 12:55,92.6232
2018-03-19 12:56,92.6319
2018-03-19 12:57,92.6409
2018-03-19 12:58,92.6474
2018-03-19 12:59,92.6574
2018-03-19 13:00,92.6609
2018-03-19 13:01,92.6692
2018-03-19 13:02,92.6677
2018-03-19 13:03,92.6637
2018-03-19 13:04,92.6615
2018-03-19 13:05,92.661
2018-03-19 13:06,92.6652
2018-03-19 13:07,92.6662
2018-03-19 13:08,92.6687
2018-03-19 13:09,92.66
2018-03-19 13:10,92.6542
2018-03-19 13:11,92.644
2018-03-19 13:12,92.631
2018-03-19 13:13,92.6245
2018-03-19 13:14,92.614
2018-03-19 13:15,92.6
2018-03-19 13:16,92.5815
2018-03-19 13:17,92.5647
2018-03-19 13:18,92.5495
2018-03-19 13:19,92.532
2018-03-19 13:20,92.5177
2018-03-19 13:21,92.494
2018-03-19 13:22,92.477
2018-03-19 13:23,92.4618
2018-03-19 13:24,92.448
2018-03-19 13:25,92.439
2018-03-19 13:26,92.4298
2018-03-19 13:27,92.4205
2018-03-19 13:28,92.4075
2018-03-19 13:29,92.4045
2018-03-19 13:30,92.4073
2018-03-19 13:31,92.4123
2018-03-19 13:32,92.4135
2018-03-19 13:33,92.4105
2018-03-19 13:34,92.4113
2018-03-19 13:35,92.4088
2018-03-19 13:36,92.4078
2018-03-19 13:37,92.406
2018-03-19 13:38,92.4005
2018-03-19 13:39,92.4028
2018-03-19 13:40,92.408
2018-03-19 13:41,92.4182
2018-03-19 13:42,92.4272
2018-03-19 13:43,92.4334
2018-03-19 13:44,92.4399
2018-03-19 13:45,92.4469
2018-03-19 13:46,92.4529
2018-03-19 13:47,92.4642
2018-03-19 13:48,92.4737
2018-03-19 13:49,92.4822
2018-03-19 13:50,92.4862
2018-03-19 13:51,92.4832
2018-03-19 13:52,92.4834
2018-03-19 13:53,92.4834
2018-03-19 13:54,92.4835
2018-03-19 13:55,92.4805
2018-03-19 13:56,92.475
2018-03-19 13:57,92.47
2018-03-19 13:58,92.468
2018-03-19 13:59,92.4633
2018-03-19 14:00,92.4588
2018-03-19 14:01,92.4581
2018-03-19 14:02,92.4546
2018-03-19 14:03,92.4546
2018-03-19 14:04,92.4613
2018-03-19 14:05,92.4663
2018-03-19 14:06,92.4766
2018-03-19 14:07,92.4836
2018-03-19 14:08,92.4901
2018-03-19 14:09,92.4976
2018-03-19 14:10,92.5021
2018-03-19 14:11,92.5121
2018-03-19 14:12,92.5253
2018-03-19 14:13,92.5418
2018-03-19 14:14,92.551
2018-03-19 14:15,92.5645
2018-03-19 14:16,92.5802
2018-03-19 14:17,92.595
2018-03-19 14:18,92.6072
2018-03-19 14:19,92.6142
2018-03-19 14:20,92.6172
2018-03-19 14:21,92.6157
2018-03-19 14:22,92.614
2018-03-19 14:23,92.6077
2018-03-19 14:24,92.5965
2018-03-19 14:25,92.584
2018-03-19 14:26,92.5685
2018-03-19 14:27,92.5572
2018-03-19 14:28,92.5485
2018-03-19 14:29,92.539
2018-03-19 14:30,92.531
2018-03-19 14:31,92.5192
2018-03-19 14:32,92.5092
2018-03-19 14:33,92.4915
2018-03-19 14:34,92.4805
2018-03-19 14:35,92.4677
2018-03-19 14:36,92.4535
2018-03-19 14:37,92.4387
2018-03-19 14:38,92.4233
2018-03-19 14:39,92.4018
2018-03-19 14:40,92.3858
2018-03-19 14:41,92.3688
2018-03-19 14:42,92.3595
2018-03-19 14:43,92.355
2018-03-19 14:44,92.353
2018-03-19 14:45,92.3575
2018-03-19 14:46,92.3597
2018-03-19 14:47,92.3582
2018-03-19 14:48,92.3585
2018-03-19 14:49,92.3582
2018-03-19 14:50,92.3557
2018-03-19 14:51,92.3565
2018-03-19 14:52,92.3545
2018-03-19 14:53,92.3653
2018-03-19 14:54,92.3748
2018-03-19 14:55,92.3875
2018-03-19 14:56,92.4045
2018-03-19 14:57,92.4215
2018-03-19 14:58,92.439
2018-03-19 14:59,92.463
2018-03-19 15:00,92.4812
2018-03-19 15:01,92.4992
2018-03-19 15:02,92.5117
2018-03-19 15:03,92.524
2018-03-19 15:04,92.531
2018-03-19 15:05,92.538
2018-03-19 15:06,92.546
2018-03-19 15:07,92.5583
2018-03-19 15:08,92.5653
2018-03-19 15:09,92.573
2018-03-19 15:10,92.5833
2018-03-19 15:11,92.5928
2018-03-19 15:12,92.6052
2018-03-19 15:13,92.6037
2018-03-19 15:14,92.6032
2018-03-19 15:15,92.6062
2018-03-19 15:16,92.6092
2018-03-19 15:17,92.6142
2018-03-19 15:18,92.6209
2018-03-19 15:19,92.6286
2018-03-19 15:20,92.6414
2018-03-19 15:21,92.6574
2018-03-19 15:22,92.6744
2018-03-19 15:23,92.6871
2018-03-19 15:24,92.6991
2018-03-19 15:25,92.7041
2018-03-19 15:26,92.7101
2018-03-19 15:27,92.7136
2018-03-19 15:28,92.7198
2018-03-19 15:29,92.7275
2018-03-19 15:30,92.737
2018-03-19 15:31,92.7443
2018-03-19 15:32,92.747
2018-03-19 15:33,92.7578
2018-03-19 15:34,92.7624
2018-03-19 15:35,92.7621
2018-03-19 15:36,92.7561
2018-03-19 15:37,92.7524
2018-03-19 15:38,92.7502
2018-03-19 15:39,92.7525
2018-03-19 15:40,92.752
2018-03-19 15:41,92.748
2018-03-19 15:42,92.7457
2018-03-19 15:43,92.749
2018-03-19 15:44,92.7515
2018-03-19 15:45,92.754
2018-03-19 15:46,92.763
2018-03-19 15:47,92.7725
2018-03-19 15:48,92.7805
2018-03-19 15:49,92.7898
2018-03-19 15:50,92.7896
2018-03-19 15:51,92.7913
2018-03-19 15:52,92.7951
2018-03-19 15:53,92.7975
2018-03-19 15:54,92.803
2018-03-19 15:55,92.8105
2018-03-19 15:56,92.826
2018-03-19 15:57,92.837
2018-03-19 15:58,92.849
2018-03-19 15:59,92.8553
2018-03-19 16:00,92.8583
2018-03-20 09:30,92.8718
2018-03-20 09:31,92.889
2018-03-20 09:32,92.909
2018-03-20 09:33,92.934
2018-03-20 09:34,92.9625
2018-03-20 09:35,92.987
2018-03-20 09:36,93.004
2018-03-20 09:37,93.0212
2018-03-20 09:38,93.0352
2018-03-20 09:39,93.0567
2018-03-20 09:40,93.0847
2018-03-20 09:41,93.1185
2018-03-20 09:42,93.1525
2018-03-20 09:43,93.195
2018-03-20 09:44,93.2325
2018-03-20 09:45,93.269
2018-03-20 09:46,93.3072
2018-03-20 09:47,93.3427
2018-03-20 09:48,93.3795
2018-03-20 09:49,93.4125
2018-03-20 09:50,93.4382
2018-03-20 09:51,93.46
2018-03-20 09:52,93.4765
2018-03-20 09:53,93.495
2018-03-20 09:54,93.5105
2018-03-20 09:55,93.5235
2018-03-20 09:56,93.5375
2018-03-20 09:57,93.5575
2018-03-20 09:58,93.5763
2018-03-20 09:59,93.5948
2018-03-20 10:00,93.6058
2018-03-20 10:01,93.6113
2018-03-20 10:02,93.6175
2018-03-20 10:03,93.616
2018-03-20 10:04,93.6083
2018-03-20 10:05,93.6
2018-03-20 10:06,93.587
2018-03-20 10:07,93.5773
2018-03-20 10:08,93.5607
2018-03-20 10:09,93.5542
2018-03-20 10:10,93.5457
2018-03-20 10:11,93.5324
2018-03-20 10:12,93.5139
2018-03-20 10:13,93.4884
2018-03-20 10:14,93.4659
2018-03-20 10:15,93.4419
2018-03-20 10:16,93.4204
2018-03-20 10:17,93.3929
2018-03-20 10:18,93.3719
2018-03-20 10:19,93.3524
2018-03-20 10:20,93.3329
2018-03-20 10:21,93.3129
2018-03-20 10:22,93.2947
2018-03-20 10:23,93.2767
2018-03-20 10:24,93.2706
2018-03-20 10:25,93.2594
2018-03-20 10:26,93.2491
2018-03-20 10:27,93.2384
2018-03-20 10:28,93.2354
2018-03-20 10:29,93.2306
2018-03-20 10:30,93.232
2018-03-20 10:31,93.2445
2018-03-20 10:32,93.2587
2018-03-20 10:33,93.2752
2018-03-20 10:34,93.2917
2018-03-20 10:35,93.3082
2018-03-20 10:36,93.3237
2018-03-20 10:37,93.3432
2018-03-20 10:38,93.3575
2018-03-20 10:39,93.3735
2018-03-20 10:40,93.3921
2018-03-20 10:41,93.4121
2018-03-20 10:42,93.4269
2018-03-20 10:43,93.4416
2018-03-20 10:44,93.4491
2018-03-20 10:45,93.4531
2018-03-20 10:46,93.4599
2018-03-20 10:47,93.4624
2018-03-20 10:48,93.4664
2018-03-20 10:49,93.4676
2018-03-20 10:50,93.4601
2018-03-20 10:51,93.4486
2018-03-20 10:52,93.4389
2018-03-20 10:53,93.4309
2018-03-20 10:54,93.4246
2018-03-20 10:55,93.4166
2018-03-20 10:56,93.4101
2018-03-20 10:57,93.3996
2018-03-20 10:58,93.3941
2018-03-20 10:59,93.3854
2018-03-20 11:00,93.38
2018-03-20 11:01,93.3745
2018-03-20 11:02,93.3688
2018-03-20 11:03,93.363
2018-03-20 11:04,93.3585
2018-03-20 11:05,93.3585
2018-03-20 11:06,93.3588
2018-03-20 11:07,93.3583
2018-03-20 11:08,93.3568
2018-03-20 11:09,93.3551
2018-03-20 11:10,93.3571
2018-03-20 11:11,93.3596
2018-03-20 11:12,93.3611
2018-03-20 11:13,93.3588
2018-03-20 11:14,93.3541
2018-03-20 11:15,93.3481
2018-03-20 11:16,93.3446
2018-03-20 11:17,93.3446
2018-03-20 11:18,93.3403
2018-03-20 11:19,93.3346
2018-03-20 11:20,93.3258
2018-03-20 11:21,93.3193
2018-03-20 11:22,93.3159
2018-03-20 11:23,93.3124
2018-03-20 11:24,93.3134
2018-03-20 11:25,93.3114
2018-03-20 11:26,93.3121
2018-03-20 11:27,93.3136
2018-03-20 11:28,93.3141
2018-03-20 11:29,93.3168
2018-03-20 11:30,93.3228
2018-03-20 11:31,93.3253
2018-03-20 11:32,93.3317
2018-03-20 11:33,93.3387
2018-03-20 11:34,93.3457
2018-03-20 11:35,93.3552
2018-03-20 11:36,93.3612
2018-03-20 11:37,93.3677
2018-03-20 11:38,93.3797
2018-03-20 11:39,93.3952
2018-03-20 11:40,93.4094
2018-03-20 11:41,93.4179
2018-03-20 11:42,93.4225
2018-03-20 11:43,93.4255
2018-03-20 11:44,93.4235
2018-03-20 11:45,93.427
2018-03-20 11:46,93.4273
2018-03-20 11:47,93.43
2018-03-20 11:48,93.43
2018-03-20 11:49,93.4256
2018-03-20 11:50,93.4166
2018-03-20 11:51,93.4056
2018-03-20 11:52,93.3936
2018-03-20 11:53,93.3758
2018-03-20 11:54,93.3586
2018-03-20 11:55,93.3436
2018-03-20 11:56,93.3333
2018-03-20 11:57,93.3228
2018-03-20 11:58,93.3093
2018-03-20 11:59,93.2953
2018-03-20 12:00,93.2831
2018-03-20 12:01,93.2726
2018-03-20 12:02,93.2621
2018-03-20 12:03,93.2523
2018-03-20 12:04,93.2488
2018-03-20 12:05,93.2438
2018-03-20 12:06,93.2386
2018-03-20 12:07,93.2326
2018-03-20 12:08,93.2308
2018-03-20 12:09,93.2317
2018-03-20 12:10,93.2307
2018-03-20 12:11,93.2297
2018-03-20 12:12,93.2285
2018-03-20 12:13,93.2405
2018-03-20 12:14,93.2542
2018-03-20 12:15,93.2647
2018-03-20 12:16,93.2722
2018-03-20 12:17,93.2782
2018-03-20 12:18,93.284
2018-03-20 12:19,93.288
2018-03-20 12:20,93.2902
2018-03-20 12:21,93.2972
2018-03-20 12:22,93.3058
2018-03-20 12:23,93.3133
2018-03-20 12:24,93.3183
2018-03-20 12:25,93.3263
2018-03-20 12:26,93.3393
2018-03-20 12:27,93.354
2018-03-20 12:28,93.3635
2018-03-20 12:29,93.374
2018-03-20 12:30,93.386
2018-03-20 12:31,93.4015
2018-03-20 12:32,93.4195
2018-03-20 12:33,93.4315
2018-03-20 12:34,93.4423
2018-03-20 12:35,93.4528
2018-03-20 12:36,93.4655
2018-03-20 12:37,93.476
2018-03-20 12:38,93.4855
2018-03-20 12:39,93.4935
2018-03-20 12:40,93.4988
2018-03-20 12:41,93.5028
2018-03-20 12:42,93.5083
2018-03-20 12:43,93.5157
2018-03-20 12:44,93.5208
2018-03-20 12:45,93.5218
2018-03-20 12:46,93.517
2018-03-20 12:47,93.506
2018-03-20 12:48,93.5008
2018-03-20 12:49,93.496
2018-03-20 12:50,93.4925
2018-03-20 12:51,93.486
2018-03-20 12:52,93.477
2018-03-20 12:53,93.467
2018-03-20 12:54,93.4533
2018-03-20 12:55,93.4443
2018-03-20 12:56,93.4328
2018-03-20 12:57,93.423
2018-03-20 12:58,93.4158
2018-03-20 12:59,93.4113
2018-03-20 13:00,93.4128
2018-03-20 13:01,93.4115
2018-03-20 13:02,93.4115
2018-03-20 13:03,93.413
2018-03-20 13:04,93.4177
2018-03-20 13:05,93.422
2018-03-20 13:06,93.4283
2018-03-20 13:07,93.4388
2018-03-20 13:08,93.446
2018-03-20 13:09,93.451
2018-03-20 13:10,93.4555
2018-03-20 13:11,93.4643
2018-03-20 13:12,93.4693
2018-03-20 13:13,93.4723
2018-03-20 13:14,93.4793
2018-03-20 13:15,93.4801
2018-03-20 13:16,93.4821
2018-03-20 13:17,93.4843
2018-03-20 13:18,93.4841
2018-03-20 13:19,93.4806
2018-03-20 13:20,93.4756
2018-03-20 13:21,93.4688
2018-03-20 13:22,93.4608
2018-03-20 13:23,93.4526
2018-03-20 13:24,93.4443
2018-03-20 13:25,93.4361
2018-03-20 13:26,93.4266
2018-03-20 13:27,93.4191
2018-03-20 13:28,93.4118
2018-03-20 13:29,93.4048
2018-03-20 13:30,93.4001
2018-03-20 13:31,93.3908
2018-03-20 13:32,93.3855
2018-03-20 13:33,93.3815
2018-03-20 13:34,93.374
2018-03-20 13:35,93.3715
2018-03-20 13:36,93.3692
2018-03-20 13:37,93.3667
2018-03-20 13:38,93.3652
2018-03-20 13:39,93.3652
2018-03-20 13:40,93.3647
2018-03-20 13:41,93.3652
2018-03-20 13:42,93.3647
2018-03-20 13:43,93.3637
2018-03-20 13:44,93.3625
2018-03-20 13:45,93.36
2018-03-20 13:46,93.354
2018-03-20 13:47,93.3452
2018-03-20 13:48,93.3367
2018-03-20 13:49,93.3315
2018-03-20 13:50,93.3265
2018-03-20 13:51,93.3222
2018-03-20 13:52,93.315
2018-03-20 13:53,93.3106
2018-03-20 13:54,93.3076
2018-03-20 13:55,93.3032
2018-03-20 13:56,93.2979
2018-03-20 13:57,93.2944
2018-03-20 13:58,93.2909
2018-03-20 13:59,93.2867
2018-03-20 14:00,93.2822
2018-03-20 14:01,93.2752
2018-03-20 14:02,93.2702
2018-03-20 14:03,93.2664
2018-03-20 14:04,93.2677
2018-03-20 14:05,93.2737
2018-03-20 14:06,93.2822
2018-03-20 14:07,93.2937
2018-03-20 14:08,93.3037
2018-03-20 14:09,93.3122
2018-03-20 14:10,93.3179
2018-03-20 14:11,93.3247
2018-03-20 14:12,93.3332
2018-03-20 14:13,93.3406
2018-03-20 14:14,93.3506
2018-03-20 14:15,93.3605
2018-03-20 14:16,93.3722
2018-03-20 14:17,93.383
2018-03-20 14:18,93.3912
2018-03-20 14:19,93.4005
2018-03-20 14:20,93.4107
2018-03-20 14:21,93.4242
2018-03-20 14:22,93.4347
2018-03-20 14:23,93.4472
2018-03-20 14:24,93.4527
2018-03-20 14:25,93.4537
2018-03-20 14:26,93.456
2018-03-20 14:27,93.4562
2018-03-20 14:28,93.4582
2018-03-20 14:29,93.4607
2018-03-20 14:30,93.4663
2018-03-20 14:31,93.4728
2018-03-20 14:32,93.4793
2018-03-20 14:33,93.4853
2018-03-20 14:34,93.4895
2018-03-20 14:35,93.4926
2018-03-20 14:36,93.4938
2018-03-20 14:37,93.4936
2018-03-20 14:38,93.4951
2018-03-20 14:39,93.4944
2018-03-20 14:40,93.4936
2018-03-20 14:41,93.4919
2018-03-20 14:42,93.4912
2018-03-20 14:43,93.4889
2018-03-20 14:44,93.4882
2018-03-20 14:45,93.4897
2018-03-20 14:46,93.4909
2018-03-20 14:47,93.4899
2018-03-20 14:48,93.4899
2018-03-20 14:49,93.4887
2018-03-20 14:50,93.4863
2018-03-20 14:51,93.4843
2018-03-20 14:52,93.4798
2018-03-20 14:53,93.4745
2018-03-20 14:54,93.4703
2018-03-20 14:55,93.4675
2018-03-20 14:56,93.4688
2018-03-20 14:57,93.4698
2018-03-20 14:58,93.4685
2018-03-20 14:59,93.4677
2018-03-20 15:00,93.4687
2018-03-20 15:01,93.4714
2018-03-20 15:02,93.4726
2018-03-20 15:03,93.4743
2018-03-20 15:04,93.4756
2018-03-20 15:05,93.4758
2018-03-20 15:06,93.4786
2018-03-20 15:07,93.4866
2018-03-20 15:08,93.4921
2018-03-20 15:09,93.4978
2018-03-20 15:10,93.5046
2018-03-20 15:11,93.5081
2018-03-20 15:12,93.5131
2018-03-20 15:13,93.5196
2018-03-20 15:14,93.5243
2018-03-20 15:15,93.5291
2018-03-20 15:16,93.5283
2018-03-20 15:17,93.5298
2018-03-20 15:18,93.5353
2018-03-20 15:19,93.5423
2018-03-20 15:20,93.544
2018-03-20 15:21,93.5477
2018-03-20 15:22,93.5532
2018-03-20 15:23,93.5594
2018-03-20 15:24,93.5659
2018-03-20 15:25,93.5707
2018-03-20 15:26,93.5719
2018-03-20 15:27,93.5697
2018-03-20 15:28,93.5702
2018-03-20 15:29,93.5719
2018-03-20 15:30,93.5709
2018-03-20 15:31,93.5719
2018-03-20 15:32,93.5722
2018-03-20 15:33,93.5707
2018-03-20 15:34,93.5715
2018-03-20 15:35,93.5718
2018-03-20 15:36,93.5723
2018-03-20 15:37,93.5748
2018-03-20 15:38,93.575
2018-03-20 15:39,93.5678
2018-03-20 15:40,93.5628
2018-03-20 15:41,93.5554
2018-03-20 15:42,93.5457
2018-03-20 15:43,93.5332
2018-03-20 15:44,93.5192
2018-03-20 15:45,93.5032
2018-03-20 15:46,93.4879
2018-03-20 15:47,93.4709
2018-03-20 15:48,93.4557
2018-03-20 15:49,93.4387
2018-03-20 15:50,93.4202
2018-03-20 15:51,93.4034
2018-03-20 15:52,93.3866
2018-03-20 15:53,93.3716
2018-03-20 15:54,93.3536
2018-03-20 15:55,93.3341
2018-03-20 15:56,93.3159
2018-03-20 15:57,93.2949
2018-03-20 15:58,93.2746
2018-03-20 15:59,93.2646
2018-03-20 16:00,93.2509
2018-03-21 09:30,93.2262
2018-03-21 09:31,93.1985
2018-03-21 09:32,93.169
2018-03-21 09:33,93.1435
2018-03-21 09:34,93.1172
2018-03-21 09:35,93.094
2018-03-21 09:36,93.0707
2018-03-21 09:37,93.047
2018-03-21 09:38,93.0302
2018-03-21 09:39,93.0177
2018-03-21 09:40,92.9983
2018-03-21 09:41,92.9793
2018-03-21 09:42,92.9635
2018-03-21 09:43,92.9483
2018-03-21 09:44,92.9348
2018-03-21 09:45,92.922
2018-03-21 09:46,92.9125
2018-03-21 09:47,92.9035
2018-03-21 09:48,92.8933
2018-03-21 09:49,92.8868
2018-03-21 09:50,92.888
2018-03-21 09:51,92.8953
2018-03-21 09:52,92.9063
2018-03-21 09:53,92.9183
2018-03-21 09:54,92.9395
2018-03-21 09:55,92.9575
2018-03-21 09:56,92.9803
2018-03-21 09:57,92.9985
2018-03-21 09:58,93.0108
2018-03-21 09:59,93.0173
2018-03-21 10:00,93.0293
2018-03-21 10:01,93.0468
2018-03-21 10:02,93.0613
2018-03-21 10:03,93.0793
2018-03-21 10:04,93.0953
2018-03-21 10:05,93.112
2018-03-21 10:06,93.121
2018-03-21 10:07,93.126
2018-03-21 10:08,93.1285
2018-03-21 10:09,93.1395
2018-03-21 10:10,93.1555
2018-03-21 10:11,93.1743
2018-03-21 10:12,93.1893
2018-03-21 10:13,93.1998
2018-03-21 10:14,93.2083
2018-03-21 10:15,93.2152
2018-03-21 10:16,93.22
2018-03-21 10:17,93.2253
2018-03-21 10:18,93.2275
2018-03-21 10:19,93.2345
2018-03-21 10:20,93.2368
2018-03-21 10:21,93.2323
2018-03-21 10:22,93.2229
2018-03-21 10:23,93.2112
2018-03-21 10:24,93.2014
2018-03-21 10:25,93.1891
2018-03-21 10:26,93.1816
2018-03-21 10:27,93.1761
2018-03-21 10:28,93.1727
2018-03-21 10:29,93.1599
2018-03-21 10:30,93.1446
2018-03-21 10:31,93.1213
2018-03-21 10:32,93.0986
2018-03-21 10:33,93.0798
2018-03-21 10:34,93.0591
2018-03-21 10:35,93.0344
2018-03-21 10:36,93.0089
2018-03-21 10:37,92.9824
2018-03-21 10:38,92.9609
2018-03-21 10:39,92.9359
2018-03-21 10:40,92.9159
2018-03-21 10:41,92.8984
2018-03-21 10:42,92.8872
2018-03-21 10:43,92.8757
2018-03-21 10:44,92.8639
2018-03-21 10:45,92.8544
2018-03-21 10:46,92.8454
2018-03-21 10:47,92.8394
2018-03-21 10:48,92.8324
2018-03-21 10:49,92.8252
2018-03-21 10:50,92.8164
2018-03-21 10:51,92.8143
2018-03-21 10:52,92.81
2018-03-21 10:53,92.8025
2018-03-21 10:54,92.7935
2018-03-21 10:55,92.7867
2018-03-21 10:56,92.7807
2018-03-21 10:57,92.7752
2018-03-21 10:58,92.7687
2018-03-21 10:59,92.7632
2018-03-21 11:00,92.7552
2018-03-21 11:01,92.7487
2018-03-21 11:02,92.7412
2018-03-21 11:03,92.7327
2018-03-21 11:04,92.7242
2018-03-21 11:05,92.7127
2018-03-21 11:06,92.7027
2018-03-21 11:07,92.6907
2018-03-21 11:08,92.6812
2018-03-21 11:09,92.6742
2018-03-21 11:10,92.6692
2018-03-21 11:11,92.6612
2018-03-21 11:12,92.6565
2018-03-21 11:13,92.6493
2018-03-21 11:14,92.644
2018-03-21 11:15,92.643
2018-03-21 11:16,92.6452
2018-03-21 11:17,92.6497
2018-03-21 11:18,92.6532
2018-03-21 11:19,92.6612
2018-03-21 11:20,92.6682
2018-03-21 11:21,92.6732
2018-03-21 11:22,92.6789
2018-03-21 11:23,92.6869
2018-03-21 11:24,92.6941
2018-03-21 11:25,92.7041
2018-03-21 11:26,92.7121
2018-03-21 11:27,92.7196
2018-03-21 11:28,92.7253
2018-03-21 11:29,92.7293
2018-03-21 11:30,92.7328
2018-03-21 11:31,92.7398
2018-03-21 11:32,92.7475
2018-03-21 11:33,92.7577
2018-03-21 11:34,92.7674
2018-03-21 11:35,92.7772
2018-03-21 11:36,92.7798
2018-03-21 11:37,92.7853
2018-03-21 11:38,92.7903
2018-03-21 11:39,92.7938
2018-03-21 11:40,92.8025
2018-03-21 11:41,92.8098
2018-03-21 11:42,92.8146
2018-03-21 11:43,92.8191
2018-03-21 11:44,92.8254
2018-03-21 11:45,92.8294
2018-03-21 11:46,92.8336
2018-03-21 11:47,92.8361
2018-03-21 11:48,92.8377
2018-03-21 11:49,92.8412
2018-03-21 11:50,92.8457
2018-03-21 11:51,92.8487
2018-03-21 11:52,92.8554
2018-03-21 11:53,92.8653
2018-03-21 11:54,92.8775
2018-03-21 11:55,92.8905
2018-03-21 11:56,92.9098
2018-03-21 11:57,92.9233
2018-03-21 11:58,92.9345
2018-03-21 11:59,92.9435
2018-03-21 12:00,92.9498
2018-03-21 12:01,92.956
2018-03-21 12:02,92.9638
2018-03-21 12:03,92.9713
2018-03-21 12:04,92.977
2018-03-21 12:05,92.984
2018-03-21 12:06,92.989
2018-03-21 12:07,92.997
2018-03-21 12:08,93.0075
2018-03-21 12:09,93.019
2018-03-21 12:10,93.0288
2018-03-21 12:11,93.0377
2018-03-21 12:12,93.038
2018-03-21 12:13,93.0335
2018-03-21 12:14,93.0275
2018-03-21 12:15,93.0183
2018-03-21 12:16,93.0078
2018-03-21 12:17,93.0008
2018-03-21 12:18,92.9955
2018-03-21 12:19,92.9923
2018-03-21 12:20,92.9908
2018-03-21 12:21,92.9932
2018-03-21 12:22,92.993
2018-03-21 12:23,92.9925
2018-03-21 12:24,92.9942
2018-03-21 12:25,92.9972
2018-03-21 12:26,93.002
2018-03-21 12:27,93.0062
2018-03-21 12:28,93.011
2018-03-21 12:29,93.0123
2018-03-21 12:30,93.0148
2018-03-21 12:31,93.0172
2018-03-21 12:32,93.0229
2018-03-21 12:33,93.0312
2018-03-21 12:34,93.0392
2018-03-21 12:35,93.0492
2018-03-21 12:36,93.0572
2018-03-21 12:37,93.0637
2018-03-21 12:38,93.0707
2018-03-21 12:39,93.0768
2018-03-21 12:40,93.0813
2018-03-21 12:41,93.0838
2018-03-21 12:42,93.0878
2018-03-21 12:43,93.0923
2018-03-21 12:44,93.0956
2018-03-21 12:45,93.0976
2018-03-21 12:46,93.0986
2018-03-21 12:47,93.0971
2018-03-21 12:48,93.0941
2018-03-21 12:49,93.0922
2018-03-21 12:50,93.09
2018-03-21 12:51,93.0909
2018-03-21 12:52,93.0934
2018-03-21 12:53,93.0961
2018-03-21 12:54,93.0979
2018-03-21 12:55,93.1001
2018-03-21 12:56,93.1036
2018-03-21 12:57,93.1071
2018-03-21 12:58,93.1106
2018-03-21 12:59,93.1147
2018-03-21 13:00,93.1195
2018-03-21 13:01,93.1253
2018-03-21 13:02,93.1305
2018-03-21 13:03,93.1358
2018-03-21 13:04,93.1413
2018-03-21 13:05,93.1475
2018-03-21 13:06,93.1533
2018-03-21 13:07,93.1605
2018-03-21 13:08,93.168
2018-03-21 13:09,93.1743
2018-03-21 13:10,93.18
2018-03-21 13:11,93.1835
2018-03-21 13:12,93.1855
2018-03-21 13:13,93.1875
2018-03-21 13:14,93.1893
2018-03-21 13:15,93.1905
2018-03-21 13:16,93.1928
2018-03-21 13:17,93.1958
2018-03-21 13:18,93.1973
2018-03-21 13:19,93.1991
2018-03-21 13:20,93.2011
2018-03-21 13:21,93.2048
2018-03-21 13:22,93.2076
2018-03-21 13:23,93.2111
2018-03-21 13:24,93.2137
2018-03-21 13:25,93.2164
2018-03-21 13:26,93.2229
2018-03-21 13:27,93.2317
2018-03-21 13:28,93.2402
2018-03-21 13:29,93.2494
2018-03-21 13:30,93.2594
2018-03-21 13:31,93.2677
2018-03-21 13:32,93.2759
2018-03-21 13:33,93.2829
2018-03-21 13:34,93.2907
2018-03-21 13:35,93.2982
2018-03-21 13:36,93.3044
2018-03-21 13:37,93.3119
2018-03-21 13:38,93.3219
2018-03-21 13:39,93.3291
2018-03-21 13:40,93.3344
2018-03-21 13:41,93.3374
2018-03-21 13:42,93.3414
2018-03-21 13:43,93.3453
2018-03-21 13:44,93.3505
2018-03-21 13:45,93.3542
2018-03-21 13:46,93.3595
2018-03-21 13:47,93.3632
2018-03-21 13:48,93.3672
2018-03-21 13:49,93.3717
2018-03-21 13:50,93.3762
2018-03-21 13:51,93.3805
2018-03-21 13:52,93.3845
2018-03-21 13:53,93.388
2018-03-21 13:54,93.3932
2018-03-21 13:55,93.3977
2018-03-21 13:56,93.402
2018-03-21 13:57,93.4035
2018-03-21 13:58,93.4037
2018-03-21 13:59,93.4032
2018-03-21 14:00,93.4037
2018-03-21 14:01,93.4212
2018-03-21 14:02,93.4447
2018-03-21 14:03,93.456
2018-03-21 14:04,93.455
2018-03-21 14:05,93.4642
2018-03-21 14:06,93.4717
2018-03-21 14:07,93.4787
2018-03-21 14:08,93.4942
2018-03-21 14:09,93.5082
2018-03-21 14:10,93.5237
2018-03-21 14:11,93.5375
2018-03-21 14:12,93.5575
2018-03-21 14:13,93.577
2018-03-21 14:14,93.5915
2018-03-21 14:15,93.6065
2018-03-21 14:16,93.6217
2018-03-21 14:17,93.65
2018-03-21 14:18,93.6727
2018-03-21 14:19,93.701
2018-03-21 14:20,93.7245
2018-03-21 14:21,93.7285
2018-03-21 14:22,93.722
2018-03-21 14:23,93.722
2018-03-21 14:24,93.7355
2018-03-21 14:25,93.7338
2018-03-21 14:26,93.7261
2018-03-21 14:27,93.7186
2018-03-21 14:28,93.6976
2018-03-21 14:29,93.6751
2018-03-21 14:30,93.6561
2018-03-21 14:31,93.6326
2018-03-21 14:32,93.6041
2018-03-21 14:33,93.5711
2018-03-21 14:34,93.5458
2018-03-21 14:35,93.5193
2018-03-21 14:36,93.4823
2018-03-21 14:37,93.4311
2018-03-21 14:38,93.3868
2018-03-21 14:39,93.34
2018-03-21 14:40,93.2905
2018-03-21 14:41,93.245
2018-03-21 14:42,93.2
2018-03-21 14:43,93.157
2018-03-21 14:44,93.1165
2018-03-21 14:45,93.0868
2018-03-21 14:46,93.0583
2018-03-21 14:47,93.0273
2018-03-21 14:48,93.0003
2018-03-21 14:49,92.9674
2018-03-21 14:50,92.9249
2018-03-21 14:51,92.8834
2018-03-21 14:52,92.8329
2018-03-21 14:53,92.7944
2018-03-21 14:54,92.7561
2018-03-21 14:55,92.7186
2018-03-21 14:56,92.6914
2018-03-21 14:57,92.6669
2018-03-21 14:58,92.6446
2018-03-21 14:59,92.6161
2018-03-21 15:00,92.6016
2018-03-21 15:01,92.5946
2018-03-21 15:02,92.5926
2018-03-21 15:03,92.5876
2018-03-21 15:04,92.5839
2018-03-21 15:05,92.5739
2018-03-21 15:06,92.5658
2018-03-21 15:07,92.5548
2018-03-21 15:08,92.5486
2018-03-21 15:09,92.5535
2018-03-21 15:10,92.568
2018-03-21 15:11,92.584
2018-03-21 15:12,92.612
2018-03-21 15:13,92.6355
2018-03-21 15:14,92.659
2018-03-21 15:15,92.6925
2018-03-21 15:16,92.7238
2018-03-21 15:17,92.7573
2018-03-21 15:18,92.7835
2018-03-21 15:19,92.8165
2018-03-21 15:20,92.846
2018-03-21 15:21,92.868
2018-03-21 15:22,92.886
2018-03-21 15:23,92.913
2018-03-21 15:24,92.9298
2018-03-21 15:25,92.9488
2018-03-21 15:26,92.9636
2018-03-21 15:27,92.9826
2018-03-21 15:28,93.0009
2018-03-21 15:29,93.0149
2018-03-21 15:30,93.0189
2018-03-21 15:31,93.0224
2018-03-21 15:32,93.0231
2018-03-21 15:33,93.0249
2018-03-21 15:34,93.0249
2018-03-21 15:35,93.0154
2018-03-21 15:36,93.0101
2018-03-21 15:37,93.0056
2018-03-21 15:38,93.0074
2018-03-21 15:39,93.0094
2018-03-21 15:40,93.0039
2018-03-21 15:41,92.9979
2018-03-21 15:42,92.9924
2018-03-21 15:43,92.9839
2018-03-21 15:44,92.9759
2018-03-21 15:45,92.9664
2018-03-21 15:46,92.9648
2018-03-21 15:47,92.9678
2018-03-21 15:48,92.9673
2018-03-21 15:49,92.9653
2018-03-21 15:50,92.9608
2018-03-21 15:51,92.9603
2018-03-21 15:52,92.9525
2018-03-21 15:53,92.9393
2018-03-21 15:54,92.921
2018-03-21 15:55,92.904
2018-03-21 15:56,92.8838
2018-03-21 15:57,92.8573
2018-03-21 15:58,92.8257
2018-03-21 15:59,92.7967
2018-03-21 16:00,92.7697
2018-03-22 09:30,92.6727
2018-03-22 09:31,92.561
2018-03-22 09:32,92.4505
2018-03-22 09:33,92.3452
2018-03-22 09:34,92.2497
2018-03-22 09:35,92.1467
2018-03-22 09:36,92.0482
2018-03-22 09:37,91.9577
2018-03-22 09:38,91.8797
2018-03-22 09:39,91.8092
2018-03-22 09:40,91.7354
2018-03-22 09:41,91.6749
2018-03-22 09:42,91.6149
2018-03-22 09:43,91.5517
2018-03-22 09:44,91.4857
2018-03-22 09:45,91.4289
2018-03-22 09:46,91.3754
2018-03-22 09:47,91.3279
2018-03-22 09:48,91.2709
2018-03-22 09:49,91.2252
2018-03-22 09:50,91.2464
2018-03-22 09:51,91.2837
2018-03-22 09:52,91.3169
2018-03-22 09:53,91.3458
2018-03-22 09:54,91.3668
2018-03-22 09:55,91.3848
2018-03-22 09:56,91.4038
2018-03-22 09:57,91.4128
2018-03-22 09:58,91.4073
2018-03-22 09:59,91.4016
2018-03-22 10:00,91.3996
2018-03-22 10:01,91.3866
2018-03-22 10:02,91.3756
2018-03-22 10:03,91.3726
2018-03-22 10:04,91.377
2018-03-22 10:05,91.3728
2018-03-22 10:06,91.3653
2018-03-22 10:07,91.35
2018-03-22 10:08,91.3493
2018-03-22 10:09,91.3435
2018-03-22 10:10,91.3398
2018-03-22 10:11,91.3353
2018-03-22 10:12,91.335
2018-03-22 10:13,91.342
2018-03-22 10:14,91.3505
2018-03-22 10:15,91.3725
2018-03-22 10:16,91.3828
2018-03-22 10:17,91.3963
2018-03-22 10:18,91.4138
2018-03-22 10:19,91.4324
2018-03-22 10:20,91.4477
2018-03-22 10:21,91.4649
2018-03-22 10:22,91.4834
2018-03-22 10:23,91.4994
2018-03-22 10:24,91.5124
2018-03-22 10:25,91.5243
2018-03-22 10:26,91.5423
2018-03-22 10:27,91.564
2018-03-22 10:28,91.5698
2018-03-22 10:29,91.5743
2018-03-22 10:30,91.5763
2018-03-22 10:31,91.5763
2018-03-22 10:32,91.5733
2018-03-22 10:33,91.5653
2018-03-22 10:34,91.552
2018-03-22 10:35,91.5338
2018-03-22 10:36,91.5185
2018-03-22 10:37,91.4918
2018-03-22 10:38,91.4678
2018-03-22 10:39,91.4463
2018-03-22 10:40,91.433
2018-03-22 10:41,91.4178
2018-03-22 10:42,91.4013
2018-03-22 10:43,91.3813
2018-03-22 10:44,91.3548
2018-03-22 10:45,91.3295
2018-03-22 10:46,91.2985
2018-03-22 10:47,91.2655
2018-03-22 10:48,91.2395
2018-03-22 10:49,91.216
2018-03-22 10:50,91.189
2018-03-22 10:51,91.1685
2018-03-22 10:52,91.1477
2018-03-22 10:53,91.1252
2018-03-22 10:54,91.104
2018-03-22 10:55,91.0877
2018-03-22 10:56,91.0652
2018-03-22 10:57,91.05
2018-03-22 10:58,91.0292
2018-03-22 10:59,91.008
2018-03-22 11:00,90.9812
2018-03-22 11:01,90.9557
2018-03-22 11:02,90.9325
2018-03-22 11:03,90.9077
2018-03-22 11:04,90.8897
2018-03-22 11:05,90.8707
2018-03-22 11:06,90.8527
2018-03-22 11:07,90.837
2018-03-22 11:08,90.824
2018-03-22 11:09,90.809
2018-03-22 11:10,90.801
2018-03-22 11:11,90.7935
2018-03-22 11:12,90.7822
2018-03-22 11:13,90.7755
2018-03-22 11:14,90.7685
2018-03-22 11:15,90.7555
2018-03-22 11:16,90.7485
2018-03-22 11:17,90.744
2018-03-22 11:18,90.7485
2018-03-22 11:19,90.7472
2018-03-22 11:20,90.7502
2018-03-22 11:21,90.7532
2018-03-22 11:22,90.7507
2018-03-22 11:23,90.7382
2018-03-22 11:24,90.7282
2018-03-22 11:25,90.7215
2018-03-22 11:26,90.7165
2018-03-22 11:27,90.7097
2018-03-22 11:28,90.6957
2018-03-22 11:29,90.6765
2018-03-22 11:30,90.6577
2018-03-22 11:31,90.6362
2018-03-22 11:32,90.6142
2018-03-22 11:33,90.5865
2018-03-22 11:34,90.5645
2018-03-22 11:35,90.5415
2018-03-22 11:36,90.5175
2018-03-22 11:37,90.4935
2018-03-22 11:38,90.4645
2018-03-22 11:39,90.435
2018-03-22 11:40,90.4045
2018-03-22 11:41,90.3735
2018-03-22 11:42,90.3462
2018-03-22 11:43,90.331
2018-03-22 11:44,90.314
2018-03-22 11:45,90.298
2018-03-22 11:46,90.2795
2018-03-22 11:47,90.269
2018-03-22 11:48,90.2625
2018-03-22 11:49,90.2612
2018-03-22 11:50,90.2554
2018-03-22 11:51,90.2504
2018-03-22 11:52,90.2514
2018-03-22 11:53,90.2629
2018-03-22 11:54,90.2714
2018-03-22 11:55,90.2831
2018-03-22 11:56,90.2956
2018-03-22 11:57,90.3096
2018-03-22 11:58,90.3219
2018-03-22 11:59,90.3339
2018-03-22 12:00,90.3424
2018-03-22 12:01,90.3504
2018-03-22 12:02,90.3624
2018-03-22 12:03,90.3714
2018-03-22 12:04,90.3814
2018-03-22 12:05,90.3966
2018-03-22 12:06,90.4126
2018-03-22 12:07,90.4256
2018-03-22 12:08,90.4361
2018-03-22 12:09,90.4424
2018-03-22 12:10,90.45
2018-03-22 12:11,90.4625
2018-03-22 12:12,90.472
2018-03-22 12:13,90.471
2018-03-22 12:14,90.466
2018-03-22 12:15,90.4582
2018-03-22 12:16,90.448
2018-03-22 12:17,90.4543
2018-03-22 12:18,90.467
2018-03-22 12:19,90.4855
2018-03-22 12:20,90.4992
2018-03-22 12:21,90.5232
2018-03-22 12:22,90.5482
2018-03-22 12:23,90.574
2018-03-22 12:24,90.592
2018-03-22 12:25,90.6035
2018-03-22 12:26,90.6235
2018-03-22 12:27,90.642
2018-03-22 12:28,90.661
2018-03-22 12:29,90.6885
2018-03-22 12:30,90.7145
2018-03-22 12:31,90.737
2018-03-22 12:32,90.7582
2018-03-22 12:33,90.7822
2018-03-22 12:34,90.815
2018-03-22 12:35,90.8495
2018-03-22 12:36,90.8898
2018-03-22 12:37,90.9158
2018-03-22 12:38,90.9338
2018-03-22 12:39,90.9463
2018-03-22 12:40,90.9645
2018-03-22 12:41,90.9753
2018-03-22 12:42,90.981
2018-03-22 12:43,90.9893
2018-03-22 12:44,90.9995
2018-03-22 12:45,91.0095
2018-03-22 12:46,91.0098
2018-03-22 12:47,91.0153
2018-03-22 12:48,91.0253
2018-03-22 12:49,91.0255
2018-03-22 12:50,91.0308
2018-03-22 12:51,91.0388
2018-03-22 12:52,91.054
2018-03-22 12:53,91.0678
2018-03-22 12:54,91.0705
2018-03-22 12:55,91.0745
2018-03-22 12:56,91.079
2018-03-22 12:57,91.0712
2018-03-22 12:58,91.0667
2018-03-22 12:59,91.0638
2018-03-22 13:00,91.0623
2018-03-22 13:01,91.054
2018-03-22 13:02,91.043
2018-03-22 13:03,91.033
2018-03-22 13:04,91.0209
2018-03-22 13:05,91.0109
2018-03-22 13:06,91.0037
2018-03-22 13:07,90.9907
2018-03-22 13:08,90.9742
2018-03-22 13:09,90.9642
2018-03-22 13:10,90.9524
2018-03-22 13:11,90.9344
2018-03-22 13:12,90.9114
2018-03-22 13:13,90.8907
2018-03-22 13:14,90.8837
2018-03-22 13:15,90.8799
2018-03-22 13:16,90.8757
2018-03-22 13:17,90.8732
2018-03-22 13:18,90.8709
2018-03-22 13:19,90.8679
2018-03-22 13:20,90.8617
2018-03-22 13:21,90.8607
2018-03-22 13:22,90.8697
2018-03-22 13:23,90.8877
2018-03-22 13:24,90.906
2018-03-22 13:25,90.9253
2018-03-22 13:26,90.9438
2018-03-22 13:27,90.9623
2018-03-22 13:28,90.9845
2018-03-22 13:29,91.005
2018-03-22 13:30,91.0255
2018-03-22 13:31,91.0505
2018-03-22 13:32,91.075
2018-03-22 13:33,91.095
2018-03-22 13:34,91.1063
2018-03-22 13:35,91.118
2018-03-22 13:36,91.1318
2018-03-22 13:37,91.1523
2018-03-22 13:38,91.171
2018-03-22 13:39,91.1902
2018-03-22 13:40,91.2115
2018-03-22 13:41,91.233
2018-03-22 13:42,91.2482
2018-03-22 13:43,91.2537
2018-03-22 13:44,91.2632
2018-03-22 13:45,91.2695
2018-03-22 13:46,91.2795
2018-03-22 13:47,91.2835
2018-03-22 13:48,91.2862
2018-03-22 13:49,91.2837
2018-03-22 13:50,91.2802
2018-03-22 13:51,91.2732
2018-03-22 13:52,91.2697
2018-03-22 13:53,91.2727
2018-03-22 13:54,91.276
2018-03-22 13:55,91.272
2018-03-22 13:56,91.2592
2018-03-22 13:57,91.2512
2018-03-22 13:58,91.244
2018-03-22 13:59,91.2352
2018-03-22 14:00,91.2278
2018-03-22 14:01,91.2203
2018-03-22 14:02,91.2173
2018-03-22 14:03,91.2103
2018-03-22 14:04,91.2038
2018-03-22 14:05,91.1963
2018-03-22 14:06,91.183
2018-03-22 14:07,91.172
2018-03-22 14:08,91.159
2018-03-22 14:09,91.1518
2018-03-22 14:10,91.1431
2018-03-22 14:11,91.1311
2018-03-22 14:12,91.1201
2018-03-22 14:13,91.1073
2018-03-22 14:14,91.0963
2018-03-22 14:15,91.0878
2018-03-22 14:16,91.0861
2018-03-22 14:17,91.0756
2018-03-22 14:18,91.0678
2018-03-22 14:19,91.0623
2018-03-22 14:20,91.0548
2018-03-22 14:21,91.0458
2018-03-22 14:22,91.0328
2018-03-22 14:23,91.0223
2018-03-22 14:24,91.0076
2018-03-22 14:25,90.9931
2018-03-22 14:26,90.9828
2018-03-22 14:27,90.9678
2018-03-22 14:28,90.9583
2018-03-22 14:29,90.943
2018-03-22 14:30,90.9283
2018-03-22 14:31,90.917
2018-03-22 14:32,90.906
2018-03-22 14:33,90.8978
2018-03-22 14:34,90.8894
2018-03-22 14:35,90.8764
2018-03-22 14:36,90.8584
2018-03-22 14:37,90.8504
2018-03-22 14:38,90.8437
2018-03-22 14:39,90.8387
2018-03-22 14:40,90.8334
2018-03-22 14:41,90.8304
2018-03-22 14:42,90.8285
2018-03-22 14:43,90.8264
2018-03-22 14:44,90.8252
2018-03-22 14:45,90.8282
2018-03-22 14:46,90.8297
2018-03-22 14:47,90.8401
2018-03-22 14:48,90.8501
2018-03-22 14:49,90.8681
2018-03-22 14:50,90.8826
2018-03-22 14:51,90.8948
2018-03-22 14:52,90.9021
2018-03-22 14:53,90.9046
2018-03-22 14:54,90.9066
2018-03-22 14:55,90.9054
2018-03-22 14:56,90.906
2018-03-22 14:57,90.8977
2018-03-22 14:58,90.8877
2018-03-22 14:59,90.8742
2018-03-22 15:00,90.862
2018-03-22 15:01,90.8527
2018-03-22 15:02,90.8392
2018-03-22 15:03,90.8392
2018-03-22 15:04,90.8405
2018-03-22 15:05,90.8342
2018-03-22 15:06,90.8277
2018-03-22 15:07,90.8123
2018-03-22 15:08,90.7959
2018-03-22 15:09,90.7714
2018-03-22 15:10,90.7514
2018-03-22 15:11,90.7343
2018-03-22 15:12,90.7231
2018-03-22 15:13,90.7101
2018-03-22 15:14,90.6974
2018-03-22 15:15,90.6856
2018-03-22 15:16,90.671
2018-03-22 15:17,90.6593
2018-03-22 15:18,90.6473
2018-03-22 15:19,90.6312
2018-03-22 15:20,90.62
2018-03-22 15:21,90.606
2018-03-22 15:22,90.5963
2018-03-22 15:23,90.5758
2018-03-22 15:24,90.565
2018-03-22 15:25,90.5508
2018-03-22 15:26,90.5374
2018-03-22 15:27,90.5254
2018-03-22 15:28,90.5091
2018-03-22 15:29,90.4979
2018-03-22 15:30,90.4884
2018-03-22 15:31,90.4766
2018-03-22 15:32,90.4546
2018-03-22 15:33,90.4414
2018-03-22 15:34,90.4274
2018-03-22 15:35,90.4189
2018-03-22 15:36,90.4086
2018-03-22 15:37,90.3974
2018-03-22 15:38,90.3859
2018-03-22 15:39,90.3809
2018-03-22 15:40,90.3661
2018-03-22 15:41,90.3494
2018-03-22 15:42,90.3326
2018-03-22 15:43,90.3221
2018-03-22 15:44,90.2948
2018-03-22 15:45,90.2785
2018-03-22 15:46,90.2544
2018-03-22 15:47,90.2301
2018-03-22 15:48,90.2149
2018-03-22 15:49,90.1962
2018-03-22 15:50,90.1782
2018-03-22 15:51,90.1657
2018-03-22 15:52,90.1632
2018-03-22 15:53,90.1568
2018-03-22 15:54,90.1385
2018-03-22 15:55,90.1208
2018-03-22 15:56,90.104
2018-03-22 15:57,90.0848
2018-03-22 15:58,90.0723
2018-03-22 15:59,90.0528
2018-03-22 16:00,90.0353
2018-03-23 09:30,90.0033
2018-03-23 09:31,89.9773
2018-03-23 09:32,89.9478
2018-03-23 09:33,89.9341
2018-03-23 09:34,89.9299
2018-03-23 09:35,89.9414
2018-03-23 09:36,89.9566
2018-03-23 09:37,89.9711
2018-03-23 09:38,89.9901
2018-03-23 09:39,90.0036
2018-03-23 09:40,90.0076
2018-03-23 09:41,89.9996
2018-03-23 09:42,89.9945
2018-03-23 09:43,90.0035
2018-03-23 09:44,90.0067
2018-03-23 09:45,90.0072
2018-03-23 09:46,90.0137
2018-03-23 09:47,90.0062
2018-03-23 09:48,90.0077
2018-03-23 09:49,90.0085
2018-03-23 09:50,90.0345
2018-03-23 09:51,90.0528
2018-03-23 09:52,90.0718
2018-03-23 09:53,90.0838
2018-03-23 09:54,90.0863
2018-03-23 09:55,90.0823
2018-03-23 09:56,90.0828
2018-03-23 09:57,90.0818
2018-03-23 09:58,90.0728
2018-03-23 09:59,90.0633
2018-03-23 10:00,90.0585
2018-03-23 10:01,90.062
2018-03-23 10:02,90.0703
2018-03-23 10:03,90.0673
2018-03-23 10:04,90.0658
2018-03-23 10:05,90.0718
2018-03-23 10:06,90.0668
2018-03-23 10:07,90.0638
2018-03-23 10:08,90.061
2018-03-23 10:09,90.0652
2018-03-23 10:10,90.0585
2018-03-23 10:11,90.0568
2018-03-23 10:12,90.047
2018-03-23 10:13,90.0345
2018-03-23 10:14,90.0165
2018-03-23 10:15,89.995
2018-03-23 10:16,89.978
2018-03-23 10:17,89.9505
2018-03-23 10:18,89.931
2018-03-23 10:19,89.9065
2018-03-23 10:20,89.8815
2018-03-23 10:21,89.856
2018-03-23 10:22,89.8215
2018-03-23 10:23,89.8043
2018-03-23 10:24,89.7888
2018-03-23 10:25,89.767
2018-03-23 10:26,89.7615
2018-03-23 10:27,89.7575
2018-03-23 10:28,89.7573
2018-03-23 10:29,89.7528
2018-03-23 10:30,89.753
2018-03-23 10:31,89.7455
2018-03-23 10:32,89.7438
2018-03-23 10:33,89.7485
2018-03-23 10:34,89.749
2018-03-23 10:35,89.754
2018-03-23 10:36,89.7527
2018-03-23 10:37,89.7597
2018-03-23 10:38,89.7632
2018-03-23 10:39,89.7752
2018-03-23 10:40,89.7868
2018-03-23 10:41,89.8095
2018-03-23 10:42,89.8332
2018-03-23 10:43,89.8472
2018-03-23 10:44,89.858
2018-03-23 10:45,89.879
2018-03-23 10:46,89.8967
2018-03-23 10:47,89.919
2018-03-23 10:48,89.929
2018-03-23 10:49,89.9397
2018-03-23 10:50,89.9475
2018-03-23 10:51,89.9507
2018-03-23 10:52,89.9607
2018-03-23 10:53,89.9735
2018-03-23 10:54,89.9902
2018-03-23 10:55,90.0062
2018-03-23 10:56,90.0222
2018-03-23 10:57,90.0352
2018-03-23 10:58,90.0482
2018-03-23 10:59,90.0692
2018-03-23 11:00,90.0932
2018-03-23 11:01,90.107
2018-03-23 11:02,90.1168
2018-03-23 11:03,90.1265
2018-03-23 11:04,90.1388
2018-03-23 11:05,90.15
2018-03-23 11:06,90.1545
2018-03-23 11:07,90.1543
2018-03-23 11:08,90.162
2018-03-23 11:09,90.1698
2018-03-23 11:10,90.176
2018-03-23 11:11,90.1868
2018-03-23 11:12,90.1935
2018-03-23 11:13,90.1865
2018-03-23 11:14,90.1817
2018-03-23 11:15,90.1817
2018-03-23 11:16,90.1839
2018-03-23 11:17,90.1804
2018-03-23 11:18,90.1782
2018-03-23 11:19,90.1707
2018-03-23 11:20,90.1657
2018-03-23 11:21,90.1587
2018-03-23 11:22,90.1497
2018-03-23 11:23,90.143
2018-03-23 11:24,90.1355
2018-03-23 11:25,90.1255
2018-03-23 11:26,90.121
2018-03-23 11:27,90.117
2018-03-23 11:28,90.117
2018-03-23 11:29,90.1082
2018-03-23 11:30,90.1015
2018-03-23 11:31,90.094
2018-03-23 11:32,90.0845
2018-03-23 11:33,90.0778
2018-03-23 11:34,90.0703
2018-03-23 11:35,90.0581
2018-03-23 11:36,90.0421
2018-03-23 11:37,90.0316
2018-03-23 11:38,90.0205
2018-03-23 11:39,89.9975
2018-03-23 11:40,89.9655
2018-03-23 11:41,89.937
2018-03-23 11:42,89.91
2018-03-23 11:43,89.8735
2018-03-23 11:44,89.8365
2018-03-23 11:45,89.7985
2018-03-23 11:46,89.7563
2018-03-23 11:47,89.7216
2018-03-23 11:48,89.6748
2018-03-23 11:49,89.6376
2018-03-23 11:50,89.5968
2018-03-23 11:51,89.5568
2018-03-23 11:52,89.5118
2018-03-23 11:53,89.4703
2018-03-23 11:54,89.4373
2018-03-23 11:55,89.4003
2018-03-23 11:56,89.3613
2018-03-23 11:57,89.3258
2018-03-23 11:58,89.2865
2018-03-23 11:59,89.2595
2018-03-23 12:00,89.23
2018-03-23 12:01,89.207
2018-03-23 12:02,89.1955
2018-03-23 12:03,89.1915
2018-03-23 12:04,89.188
2018-03-23 12:05,89.184
2018-03-23 12:06,89.178
2018-03-23 12:07,89.1632
2018-03-23 12:08,89.165
2018-03-23 12:09,89.169
2018-03-23 12:10,89.1755
2018-03-23 12:11,89.1805
2018-03-23 12:12,89.1888
2018-03-23 12:13,89.1905
2018-03-23 12:14,89.1865
2018-03-23 12:15,89.1918
2018-03-23 12:16,89.2013
2018-03-23 12:17,89.2031
2018-03-23 12:18,89.2016
2018-03-23 12:19,89.1991
2018-03-23 12:20,89.2038
2018-03-23 12:21,89.2071
2018-03-23 12:22,89.2021
2018-03-23 12:23,89.1986
2018-03-23 12:24,89.2041
2018-03-23 12:25,89.2126
2018-03-23 12:26,89.2296
2018-03-23 12:27,89.2516
2018-03-23 12:28,89.2623
2018-03-23 12:29,89.273
2018-03-23 12:30,89.2845
2018-03-23 12:31,89.2965
2018-03-23 12:32,89.308
2018-03-23 12:33,89.3285
2018-03-23 12:34,89.341
2018-03-23 12:35,89.3465
2018-03-23 12:36,89.346
2018-03-23 12:37,89.3499
2018-03-23 12:38,89.3612
2018-03-23 12:39,89.3677
2018-03-23 12:40,89.3749
2018-03-23 12:41,89.3746
2018-03-23 12:42,89.3726
2018-03-23 12:43,89.3713
2018-03-23 12:44,89.3643
2018-03-23 12:45,89.3508
2018-03-23 12:46,89.3358
2018-03-23 12:47,89.3233
2018-03-23 12:48,89.3096
2018-03-23 12:49,89.2963
2018-03-23 12:50,89.2818
2018-03-23 12:51,89.2733
2018-03-23 12:52,89.2601
2018-03-23 12:53,89.2481
2018-03-23 12:54,89.2401
2018-03-23 12:55,89.2313
2018-03-23 12:56,89.2254
2018-03-23 12:57,89.219
2018-03-23 12:58,89.2102
2018-03-23 12:59,89.2062
2018-03-23 13:00,89.204
2018-03-23 13:01,89.2006
2018-03-23 13:02,89.1996
2018-03-23 13:03,89.2068
2018-03-23 13:04,89.2174
2018-03-23 13:05,89.2326
2018-03-23 13:06,89.2476
2018-03-23 13:07,89.2566
2018-03-23 13:08,89.2699
2018-03-23 13:09,89.2809
2018-03-23 13:10,89.2989
2018-03-23 13:11,89.3129
2018-03-23 13:12,89.3386
2018-03-23 13:13,89.3611
2018-03-23 13:14,89.3811
2018-03-23 13:15,89.4029
2018-03-23 13:16,89.4246
2018-03-23 13:17,89.4478
2018-03-23 13:18,89.4731
2018-03-23 13:19,89.4986
2018-03-23 13:20,89.5258
2018-03-23 13:21,89.5548
2018-03-23 13:22,89.5813
2018-03-23 13:23,89.6023
2018-03-23 13:24,89.622
2018-03-23 13:25,89.651
2018-03-23 13:26,89.6748
2018-03-23 13:27,89.6948
2018-03-23 13:28,89.7138
2018-03-23 13:29,89.7353
2018-03-23 13:30,89.7493
2018-03-23 13:31,89.7672
2018-03-23 13:32,89.776
2018-03-23 13:33,89.78
2018-03-23 13:34,89.786
2018-03-23 13:35,89.791
2018-03-23 13:36,89.8005
2018-03-23 13:37,89.8085
2018-03-23 13:38,89.8127
2018-03-23 13:39,89.8147
2018-03-23 13:40,89.8107
2018-03-23 13:41,89.8107
2018-03-23 13:42,89.8102
2018-03-23 13:43,89.8069
2018-03-23 13:44,89.8001
2018-03-23 13:45,89.7869
2018-03-23 13:46,89.7791
2018-03-23 13:47,89.7741
2018-03-23 13:48,89.7691
2018-03-23 13:49,89.7656
2018-03-23 13:50,89.7701
2018-03-23 13:51,89.7764
2018-03-23 13:52,89.7867
2018-03-23 13:53,89.8077
2018-03-23 13:54,89.8302
2018-03-23 13:55,89.8585
2018-03-23 13:56,89.8777
2018-03-23 13:57,89.9032
2018-03-23 13:58,89.9252
2018-03-23 13:59,89.9512
2018-03-23 14:00,89.9815
2018-03-23 14:01,90.013
2018-03-23 14:02,90.04
2018-03-23 14:03,90.0608
2018-03-23 14:04,90.0786
2018-03-23 14:05,90.0946
2018-03-23 14:06,90.1051
2018-03-23 14:07,90.1166
2018-03-23 14:08,90.1251
2018-03-23 14:09,90.1283
2018-03-23 14:10,90.1286
2018-03-23 14:11,90.1181
2018-03-23 14:12,90.1043
2018-03-23 14:13,90.0801
2018-03-23 14:14,90.0598
2018-03-23 14:15,90.0265
2018-03-23 14:16,89.999
2018-03-23 14:17,89.962
2018-03-23 14:18,89.933
2018-03-23 14:19,89.8995
2018-03-23 14:20,89.8613
2018-03-23 14:21,89.8213
2018-03-23 14:22,89.7833
2018-03-23 14:23,89.7483
2018-03-23 14:24,89.7225
2018-03-23 14:25,89.699
2018-03-23 14:26,89.6715
2018-03-23 14:27,89.6488
2018-03-23 14:28,89.6238
2018-03-23 14:29,89.605
2018-03-23 14:30,89.5883
2018-03-23 14:31,89.575
2018-03-23 14:32,89.5678
2018-03-23 14:33,89.5605
2018-03-23 14:34,89.5428
2018-03-23 14:35,89.5358
2018-03-23 14:36,89.5233
2018-03-23 14:37,89.5198
2018-03-23 14:38,89.5188
2018-03-23 14:39,89.5183
2018-03-23 14:40,89.5223
2018-03-23 14:41,89.5248
2018-03-23 14:42,89.5353
2018-03-23 14:43,89.5433
2018-03-23 14:44,89.5418
2018-03-23 14:45,89.5363
2018-03-23 14:46,89.5323
2018-03-23 14:47,89.5257
2018-03-23 14:48,89.5217
2018-03-23 14:49,89.5082
2018-03-23 14:50,89.4907
2018-03-23 14:51,89.4727
2018-03-23 14:52,89.4472
2018-03-23 14:53,89.4292
2018-03-23 14:54,89.4144
2018-03-23 14:55,89.3979
2018-03-23 14:56,89.3817
2018-03-23 14:57,89.3592
2018-03-23 14:58,89.3232
2018-03-23 14:59,89.2767
2018-03-23 15:00,89.2329
2018-03-23 15:01,89.1814
2018-03-23 15:02,89.1229
2018-03-23 15:03,89.0684
2018-03-23 15:04,89.0284
2018-03-23 15:05,88.9824
2018-03-23 15:06,88.9497
2018-03-23 15:07,88.907
2018-03-23 15:08,88.8605
2018-03-23 15:09,88.819
2018-03-23 15:10,88.7745
2018-03-23 15:11,88.7353
2018-03-23 15:12,88.6978
2018-03-23 15:13,88.6668
2018-03-23 15:14,88.6445
2018-03-23 15:15,88.6185
2018-03-23 15:16,88.6047
2018-03-23 15:17,88.5963
2018-03-23 15:18,88.5938
2018-03-23 15:19,88.5988
2018-03-23 15:20,88.6
2018-03-23 15:21,88.6023
2018-03-23 15:22,88.6168
2018-03-23 15:23,88.6278
2018-03-23 15:24,88.6205
2018-03-23 15:25,88.614
2018-03-23 15:26,88.601
2018-03-23 15:27,88.599
2018-03-23 15:28,88.602
2018-03-23 15:29,88.6035
2018-03-23 15:30,88.6058
2018-03-23 15:31,88.5986
2018-03-23 15:32,88.5916
2018-03-23 15:33,88.5746
2018-03-23 15:34,88.5526
2018-03-23 15:35,88.5341
2018-03-23 15:36,88.5051
2018-03-23 15:37,88.4706
2018-03-23 15:38,88.4386
2018-03-23 15:39,88.4096
2018-03-23 15:40,88.3891
2018-03-23 15:41,88.3703
2018-03-23 15:42,88.3408
2018-03-23 15:43,88.312
2018-03-23 15:44,88.2878
2018-03-23 15:45,88.2708
2018-03-23 15:46,88.248
2018-03-23 15:47,88.2193
2018-03-23 15:48,88.1923
2018-03-23 15:49,88.1643
2018-03-23 15:50,88.127
2018-03-23 15:51,88.0847
2018-03-23 15:52,88.0452
2018-03-23 15:53,88.0037
2018-03-23 15:54,87.9567
2018-03-23 15:55,87.9087
2018-03-23 15:56,87.8762
2018-03-23 15:57,87.8392
2018-03-23 15:58,87.8072
2018-03-23 15:59,87.7677
2018-03-23 16:00,87.7112
2018-03-26 09:30,87.8312
2018-03-26 09:31,87.9587
2018-03-26 09:32,88.104
2018-03-26 09:33,88.265
2018-03-26 09:34,88.438
2018-03-26 09:35,88.6338
2018-03-26 09:36,88.8181
2018-03-26 09:37,89.0096
2018-03-26 09:38,89.1953
2018-03-26 09:39,89.4078
2018-03-26 09:40,89.6441
2018-03-26 09:41,89.8806
2018-03-26 09:42,90.1166
2018-03-26 09:43,90.3668
2018-03-26 09:44,90.6128
2018-03-26 09:45,90.8381
2018-03-26 09:46,91.0668
2018-03-26 09:47,91.2941
2018-03-26 09:48,91.5331
2018-03-26 09:49,91.7851
2018-03-26 09:50,91.8586
2018-03-26 09:51,91.9208
2018-03-26 09:52,91.9683
2018-03-26 09:53,92.0133
2018-03-26 09:54,92.0446
2018-03-26 09:55,92.0672
2018-03-26 09:56,92.0992
2018-03-26 09:57,92.1257
2018-03-26 09:58,92.157
2018-03-26 09:59,92.1755
2018-03-26 10:00,92.1775
2018-03-26 10:01,92.1895
2018-03-26 10:02,92.2017
2018-03-26 10:03,92.2062
2018-03-26 10:04,92.214
2018-03-26 10:05,92.231
2018-03-26 10:06,92.2397
2018-03-26 10:07,92.246
2018-03-26 10:08,92.243
2018-03-26 10:09,92.2462
2018-03-26 10:10,92.2515
2018-03-26 10:11,92.2602
2018-03-26 10:12,92.2655
2018-03-26 10:13,92.266
2018-03-26 10:14,92.2717
2018-03-26 10:15,92.2622
2018-03-26 10:16,92.2617
2018-03-26 10:17,92.2627
2018-03-26 10:18,92.2627
2018-03-26 10:19,92.2647
2018-03-26 10:20,92.2782
2018-03-26 10:21,92.2795
2018-03-26 10:22,92.2952
2018-03-26 10:23,92.3072
2018-03-26 10:24,92.318
2018-03-26 10:25,92.3195
2018-03-26 10:26,92.3297
2018-03-26 10:27,92.3339
2018-03-26 10:28,92.3484
2018-03-26 10:29,92.3477
2018-03-26 10:30,92.3429
2018-03-26 10:31,92.3354
2018-03-26 10:32,92.3307
2018-03-26 10:33,92.3339
2018-03-26 10:34,92.3304
2018-03-26 10:35,92.3309
2018-03-26 10:36,92.3224
2018-03-26 10:37,92.3119
2018-03-26 10:38,92.3059
2018-03-26 10:39,92.2912
2018-03-26 10:40,92.2717
2018-03-26 10:41,92.2514
2018-03-26 10:42,92.2234
2018-03-26 10:43,92.2012
2018-03-26 10:44,92.1897
2018-03-26 10:45,92.1789
2018-03-26 10:46,92.1692
2018-03-26 10:47,92.1645
2018-03-26 10:48,92.1518
2018-03-26 10:49,92.1418
2018-03-26 10:50,92.1453
2018-03-26 10:51,92.1533
2018-03-26 10:52,92.1613
2018-03-26 10:53,92.1587
2018-03-26 10:54,92.1552
2018-03-26 10:55,92.154
2018-03-26 10:56,92.163
2018-03-26 10:57,92.1725
2018-03-26 10:58,92.1835
2018-03-26 10:59,92.198
2018-03-26 11:00,92.206
2018-03-26 11:01,92.2142
2018-03-26 11:02,92.2172
2018-03-26 11:03,92.2115
2018-03-26 11:04,92.2035
2018-03-26 11:05,92.2023
2018-03-26 11:06,92.1958
2018-03-26 11:07,92.1853
2018-03-26 11:08,92.1785
2018-03-26 11:09,92.17
2018-03-26 11:10,92.1515
2018-03-26 11:11,92.1355
2018-03-26 11:12,92.1227
2018-03-26 11:13,92.114
2018-03-26 11:14,92.1007
2018-03-26 11:15,92.0815
2018-03-26 11:16,92.0565
2018-03-26 11:17,92.024
2018-03-26 11:18,91.9837
2018-03-26 11:19,91.9425
2018-03-26 11:20,91.901
2018-03-26 11:21,91.8655
2018-03-26 11:22,91.8295
2018-03-26 11:23,91.8092
2018-03-26 11:24,91.7879
2018-03-26 11:25,91.7681
2018-03-26 11:26,91.7491
2018-03-26 11:27,91.7416
2018-03-26 11:28,91.7356
2018-03-26 11:29,91.7301
2018-03-26 11:30,91.7268
2018-03-26 11:31,91.7253
2018-03-26 11:32,91.7206
2018-03-26 11:33,91.7151
2018-03-26 11:34,91.7191
2018-03-26 11:35,91.7226
2018-03-26 11:36,91.7296
2018-03-26 11:37,91.7326
2018-03-26 11:38,91.7429
2018-03-26 11:39,91.7564
2018-03-26 11:40,91.7751
2018-03-26 11:41,91.7971
2018-03-26 11:42,91.8206
2018-03-26 11:43,91.8316
2018-03-26 11:44,91.838
2018-03-26 11:45,91.843
2018-03-26 11:46,91.8515
2018-03-26 11:47,91.8545
2018-03-26 11:48,91.8583
2018-03-26 11:49,91.8638
2018-03-26 11:50,91.8695
2018-03-26 11:51,91.8745
2018-03-26 11:52,91.885
2018-03-26 11:53,91.8975
2018-03-26 11:54,91.9043
2018-03-26 11:55,91.914
2018-03-26 11:56,91.9206
2018-03-26 11:57,91.9308
2018-03-26 11:58,91.9381
2018-03-26 11:59,91.9438
2018-03-26 12:00,91.9488
2018-03-26 12:01,91.941
2018-03-26 12:02,91.9268
2018-03-26 12:03,91.9198
2018-03-26 12:04,91.9043
2018-03-26 12:05,91.8873
2018-03-26 12:06,91.8763
2018-03-26 12:07,91.8668
2018-03-26 12:08,91.8526
2018-03-26 12:09,91.8453
2018-03-26 12:10,91.8481
2018-03-26 12:11,91.8511
2018-03-26 12:12,91.8473
2018-03-26 12:13,91.8356
2018-03-26 12:14,91.8351
2018-03-26 12:15,91.8363
2018-03-26 12:16,91.8393
2018-03-26 12:17,91.8468
2018-03-26 12:18,91.8553
2018-03-26 12:19,91.8635
2018-03-26 12:20,91.8733
2018-03-26 12:21,91.8888
2018-03-26 12:22,91.917
2018-03-26 12:23,91.9375
2018-03-26 12:24,91.9663
2018-03-26 12:25,92.0008
2018-03-26 12:26,92.0368
2018-03-26 12:27,92.072
2018-03-26 12:28,92.111
2018-03-26 12:29,92.144
2018-03-26 12:30,92.1668
2018-03-26 12:31,92.1865
2018-03-26 12:32,92.2038
2018-03-26 12:33,92.2193
2018-03-26 12:34,92.2288
2018-03-26 12:35,92.2398
2018-03-26 12:36,92.2583
2018-03-26 12:37,92.2755
2018-03-26 12:38,92.29
2018-03-26 12:39,92.301
2018-03-26 12:40,92.309
2018-03-26 12:41,92.318
2018-03-26 12:42,92.324
2018-03-26 12:43,92.332
2018-03-26 12:44,92.3373
2018-03-26 12:45,92.3408
2018-03-26 12:46,92.3383
2018-03-26 12:47,92.3323
2018-03-26 12:48,92.3238
2018-03-26 12:49,92.3137
2018-03-26 12:50,92.306
2018-03-26 12:51,92.3015
2018-03-26 12:52,92.3025
2018-03-26 12:53,92.3052
2018-03-26 12:54,92.3062
2018-03-26 12:55,92.3037
2018-03-26 12:56,92.2932
2018-03-26 12:57,92.2877
2018-03-26 12:58,92.2864
2018-03-26 12:59,92.2935
2018-03-26 13:00,92.3005
2018-03-26 13:01,92.3107
2018-03-26 13:02,92.3172
2018-03-26 13:03,92.3195
2018-03-26 13:04,92.3225
2018-03-26 13:05,92.326
2018-03-26 13:06,92.3275
2018-03-26 13:07,92.3322
2018-03-26 13:08,92.3435
2018-03-26 13:09,92.3557
2018-03-26 13:10,92.3725
2018-03-26 13:11,92.3902
2018-03-26 13:12,92.4062
2018-03-26 13:13,92.4258
2018-03-26 13:14,92.4493
2018-03-26 13:15,92.4805
2018-03-26 13:16,92.516
2018-03-26 13:17,92.5508
2018-03-26 13:18,92.581
2018-03-26 13:19,92.6118
2018-03-26 13:20,92.6445
2018-03-26 13:21,92.6785
2018-03-26 13:22,92.714
2018-03-26 13:23,92.7485
2018-03-26 13:24,92.7788
2018-03-26 13:25,92.807
2018-03-26 13:26,92.838
2018-03-26 13:27,92.8623
2018-03-26 13:28,92.886
2018-03-26 13:29,92.909
2018-03-26 13:30,92.9273
2018-03-26 13:31,92.9403
2018-03-26 13:32,92.9498
2018-03-26 13:33,92.9573
2018-03-26 13:34,92.9543
2018-03-26 13:35,92.944
2018-03-26 13:36,92.9318
2018-03-26 13:37,92.919
2018-03-26 13:38,92.9143
2018-03-26 13:39,92.9015
2018-03-26 13:40,92.8905
2018-03-26 13:41,92.8755
2018-03-26 13:42,92.8635
2018-03-26 13:43,92.858
2018-03-26 13:44,92.852
2018-03-26 13:45,92.841
2018-03-26 13:46,92.8312
2018-03-26 13:47,92.824
2018-03-26 13:48,92.8135
2018-03-26 13:49,92.8047
2018-03-26 13:50,92.7935
2018-03-26 13:51,92.7872
2018-03-26 13:52,92.7802
2018-03-26 13:53,92.7652
2018-03-26 13:54,92.7562
2018-03-26 13:55,92.7484
2018-03-26 13:56,92.7382
2018-03-26 13:57,92.7287
2018-03-26 13:58,92.7109
2018-03-26 13:59,92.6944
2018-03-26 14:00,92.6774
2018-03-26 14:01,92.6552
2018-03-26 14:02,92.6309
2018-03-26 14:03,92.6085
2018-03-26 14:04,92.5974
2018-03-26 14:05,92.5877
2018-03-26 14:06,92.571
2018-03-26 14:07,92.559
2018-03-26 14:08,92.5467
2018-03-26 14:09,92.539
2018-03-26 14:10,92.532
2018-03-26 14:11,92.5277
2018-03-26 14:12,92.5267
2018-03-26 14:13,92.5317
2018-03-26 14:14,92.5377
2018-03-26 14:15,92.5435
2018-03-26 14:16,92.5515
2018-03-26 14:17,92.5585
2018-03-26 14:18,92.57
2018-03-26 14:19,92.5875
2018-03-26 14:20,92.6068
2018-03-26 14:21,92.6353
2018-03-26 14:22,92.665
2018-03-26 14:23,92.6922
2018-03-26 14:24,92.7126
2018-03-26 14:25,92.7326
2018-03-26 14:26,92.7596
2018-03-26 14:27,92.7848
2018-03-26 14:28,92.8138
2018-03-26 14:29,92.8423
2018-03-26 14:30,92.8778
2018-03-26 14:31,92.9058
2018-03-26 14:32,92.9383
2018-03-26 14:33,92.9683
2018-03-26 14:34,92.9963
2018-03-26 14:35,93.0265
2018-03-26 14:36,93.0607
2018-03-26 14:37,93.0882
2018-03-26 14:38,93.1204
2018-03-26 14:39,93.1459
2018-03-26 14:40,93.1629
2018-03-26 14:41,93.1757
2018-03-26 14:42,93.1832
2018-03-26 14:43,93.1925
2018-03-26 14:44,93.202
2018-03-26 14:45,93.215
2018-03-26 14:46,93.2255
2018-03-26 14:47,93.2327
2018-03-26 14:48,93.232
2018-03-26 14:49,93.2255
2018-03-26 14:50,93.2154
2018-03-26 14:51,93.2119
2018-03-26 14:52,93.2036
2018-03-26 14:53,93.2019
2018-03-26 14:54,93.2081
2018-03-26 14:55,93.2134
2018-03-26 14:56,93.2132
2018-03-26 14:57,93.2162
2018-03-26 14:58,93.2129
2018-03-26 14:59,93.2109
2018-03-26 15:00,93.2084
2018-03-26 15:01,93.2074
2018-03-26 15:02,93.2106
2018-03-26 15:03,93.2121
2018-03-26 15:04,93.2166
2018-03-26 15:05,93.2216
2018-03-26 15:06,93.2298
2018-03-26 15:07,93.2431
2018-03-26 15:08,93.2621
2018-03-26 15:09,93.2831
2018-03-26 15:10,93.3052
2018-03-26 15:11,93.3187
2018-03-26 15:12,93.3364
2018-03-26 15:13,93.3502
2018-03-26 15:14,93.3582
2018-03-26 15:15,93.3657
2018-03-26 15:16,93.3727
2018-03-26 15:17,93.3825
2018-03-26 15:18,93.3943
2018-03-26 15:19,93.411
2018-03-26 15:20,93.4325
2018-03-26 15:21,93.4513
2018-03-26 15:22,93.4641
2018-03-26 15:23,93.4773
2018-03-26 15:24,93.4888
2018-03-26 15:25,93.4988
2018-03-26 15:26,93.5048
2018-03-26 15:27,93.5098
2018-03-26 15:28,93.5138
2018-03-26 15:29,93.5213
2018-03-26 15:30,93.5258
2018-03-26 15:31,93.5336
2018-03-26 15:32,93.5386
2018-03-26 15:33,93.5495
2018-03-26 15:34,93.5553
2018-03-26 15:35,93.5643
2018-03-26 15:36,93.5718
2018-03-26 15:37,93.577
2018-03-26 15:38,93.5825
2018-03-26 15:39,93.5861
2018-03-26 15:40,93.5921
2018-03-26 15:41,93.6004
2018-03-26 15:42,93.6104
2018-03-26 15:43,93.6186
2018-03-26 15:44,93.6259
2018-03-26 15:45,93.6389
2018-03-26 15:46,93.6566
2018-03-26 15:47,93.6764
2018-03-26 15:48,93.6984
2018-03-26 15:49,93.7151
2018-03-26 15:50,93.7294
2018-03-26 15:51,93.7351
2018-03-26 15:52,93.7414
2018-03-26 15:53,93.7404
2018-03-26 15:54,93.7496
2018-03-26 15:55,93.7556
2018-03-26 15:56,93.7651
2018-03-26 15:57,93.7786
2018-03-26 15:58,93.792
2018-03-26 15:59,93.8006
2018-03-26 16:00,93.8041
2018-03-27 09:30,93.8628
2018-03-27 09:31,93.9223
2018-03-27 09:32,93.9761
2018-03-27 09:33,94.0371
2018-03-27 09:34,94.0891
2018-03-27 09:35,94.1461
2018-03-27 09:36,94.2036
2018-03-27 09:37,94.2571
2018-03-27 09:38,94.3028
2018-03-27 09:39,94.3481
2018-03-27 09:40,94.3976
2018-03-27 09:41,94.4358
2018-03-27 09:42,94.4871
2018-03-27 09:43,94.5248
2018-03-27 09:44,94.5683
2018-03-27 09:45,94.6023
2018-03-27 09:46,94.6335
2018-03-27 09:47,94.6591
2018-03-27 09:48,94.6916
2018-03-27 09:49,94.7201
2018-03-27 09:50,94.6946
2018-03-27 09:51,94.6806
2018-03-27 09:52,94.6686
2018-03-27 09:53,94.6459
2018-03-27 09:54,94.6199
2018-03-27 09:55,94.5854
2018-03-27 09:56,94.5584
2018-03-27 09:57,94.5324
2018-03-27 09:58,94.5211
2018-03-27 09:59,94.5131
2018-03-27 10:00,94.5109
2018-03-27 10:01,94.5161
2018-03-27 10:02,94.5074
2018-03-27 10:03,94.5086
2018-03-27 10:04,94.5076
2018-03-27 10:05,94.5201
2018-03-27 10:06,94.5368
2018-03-27 10:07,94.5476
2018-03-27 10:08,94.5538
2018-03-27 10:09,94.5658
2018-03-27 10:10,94.5683
2018-03-27 10:11,94.5503
2018-03-27 10:12,94.5293
2018-03-27 10:13,94.5128
2018-03-27 10:14,94.505
2018-03-27 10:15,94.498
2018-03-27 10:16,94.4765
2018-03-27 10:17,94.455
2018-03-27 10:18,94.4263
2018-03-27 10:19,94.3998
2018-03-27 10:20,94.3713
2018-03-27 10:21,94.347
2018-03-27 10:22,94.3225
2018-03-27 10:23,94.3018
2018-03-27 10:24,94.2723
2018-03-27 10:25,94.2348
2018-03-27 10:26,94.1983
2018-03-27 10:27,94.1705
2018-03-27 10:28,94.1462
2018-03-27 10:29,94.1287
2018-03-27 10:30,94.1133
2018-03-27 10:31,94.0998
2018-03-27 10:32,94.0993
2018-03-27 10:33,94.0878
2018-03-27 10:34,94.0765
2018-03-27 10:35,94.0663
2018-03-27 10:36,94.0583
2018-03-27 10:37,94.0493
2018-03-27 10:38,94.044
2018-03-27 10:39,94.0393
2018-03-27 10:40,94.0355
2018-03-27 10:41,94.029
2018-03-27 10:42,94.0342
2018-03-27 10:43,94.0355
2018-03-27 10:44,94.0455
2018-03-27 10:45,94.061
2018-03-27 10:46,94.0667
2018-03-27 10:47,94.0732
2018-03-27 10:48,94.076
2018-03-27 10:49,94.073
2018-03-27 10:50,94.0685
2018-03-27 10:51,94.0775
2018-03-27 10:52,94.0785
2018-03-27 10:53,94.0887
2018-03-27 10:54,94.0952
2018-03-27 10:55,94.104
2018-03-27 10:56,94.1115
2018-03-27 10:57,94.126
2018-03-27 10:58,94.1347
2018-03-27 10:59,94.1345
2018-03-27 11:00,94.131
2018-03-27 11:01,94.125
2018-03-27 11:02,94.1083
2018-03-27 11:03,94.0958
2018-03-27 11:04,94.0758
2018-03-27 11:05,94.0518
2018-03-27 11:06,94.0298
2018-03-27 11:07,94.0084
2018-03-27 11:08,93.9883
2018-03-27 11:09,93.9738
2018-03-27 11:10,93.9608
2018-03-27 11:11,93.9393
2018-03-27 11:12,93.9238
2018-03-27 11:13,93.9131
2018-03-27 11:14,93.9046
2018-03-27 11:15,93.8879
2018-03-27 11:16,93.8694
2018-03-27 11:17,93.8445
2018-03-27 11:18,93.825
2018-03-27 11:19,93.812
2018-03-27 11:20,93.7952
2018-03-27 11:21,93.7807
2018-03-27 11:22,93.7672
2018-03-27 11:23,93.7469
2018-03-27 11:24,93.7349
2018-03-27 11:25,93.7269
2018-03-27 11:26,93.7209
2018-03-27 11:27,93.7091
2018-03-27 11:28,93.6954
2018-03-27 11:29,93.6758
2018-03-27 11:30,93.6651
2018-03-27 11:31,93.6641
2018-03-27 11:32,93.6626
2018-03-27 11:33,93.6566
2018-03-27 11:34,93.6561
2018-03-27 11:35,93.6572
2018-03-27 11:36,93.6642
2018-03-27 11:37,93.6692
2018-03-27 11:38,93.6757
2018-03-27 11:39,93.6837
2018-03-27 11:40,93.699
2018-03-27 11:41,93.7205
2018-03-27 11:42,93.748
2018-03-27 11:43,93.7692
2018-03-27 11:44,93.7917
2018-03-27 11:45,93.8157
2018-03-27 11:46,93.8367
2018-03-27 11:47,93.8628
2018-03-27 11:48,93.8963
2018-03-27 11:49,93.9359
2018-03-27 11:50,93.9651
2018-03-27 11:51,93.9882
2018-03-27 11:52,94.0049
2018-03-27 11:53,94.0224
2018-03-27 11:54,94.0364
2018-03-27 11:55,94.0547
2018-03-27 11:56,94.0704
2018-03-27 11:57,94.0859
2018-03-27 11:58,94.0941
2018-03-27 11:59,94.1036
2018-03-27 12:00,94.1151
2018-03-27 12:01,94.1186
2018-03-27 12:02,94.1171
2018-03-27 12:03,94.1204
2018-03-27 12:04,94.1184
2018-03-27 12:05,94.1139
2018-03-27 12:06,94.1119
2018-03-27 12:07,94.1033
2018-03-27 12:08,94.0833
2018-03-27 12:09,94.0583
2018-03-27 12:10,94.0383
2018-03-27 12:11,94.0178
2018-03-27 12:12,93.998
2018-03-27 12:13,93.9785
2018-03-27 12:14,93.9556
2018-03-27 12:15,93.9366
2018-03-27 12:16,93.9173
2018-03-27 12:17,93.896
2018-03-27 12:18,93.8792
2018-03-27 12:19,93.8612
2018-03-27 12:20,93.8407
2018-03-27 12:21,93.8225
2018-03-27 12:22,93.807
2018-03-27 12:23,93.7905
2018-03-27 12:24,93.77
2018-03-27 12:25,93.752
2018-03-27 12:26,93.728
2018-03-27 12:27,93.7052
2018-03-27 12:28,93.6877
2018-03-27 12:29,93.6722
2018-03-27 12:30,93.6452
2018-03-27 12:31,93.616
2018-03-27 12:32,93.5805
2018-03-27 12:33,93.549
2018-03-27 12:34,93.5134
2018-03-27 12:35,93.4787
2018-03-27 12:36,93.4482
2018-03-27 12:37,93.4195
2018-03-27 12:38,93.389
2018-03-27 12:39,93.3588
2018-03-27 12:40,93.3306
2018-03-27 12:41,93.3033
2018-03-27 12:42,93.2688
2018-03-27 12:43,93.2413
2018-03-27 12:44,93.2203
2018-03-27 12:45,93.1908
2018-03-27 12:46,93.1706
2018-03-27 12:47,93.1561
2018-03-27 12:48,93.1433
2018-03-27 12:49,93.1223
2018-03-27 12:50,93.1113
2018-03-27 12:51,93.0983
2018-03-27 12:52,93.0901
2018-03-27 12:53,93.0736
2018-03-27 12:54,93.071
2018-03-27 12:55,93.0633
2018-03-27 12:56,93.0535
2018-03-27 12:57,93.0436
2018-03-27 12:58,93.0321
2018-03-27 12:59,93.0183
2018-03-27 13:00,93.009
2018-03-27 13:01,92.999
2018-03-27 13:02,92.9935
2018-03-27 13:03,92.9855
2018-03-27 13:04,92.9731
2018-03-27 13:05,92.9726
2018-03-27 13:06,92.9704
2018-03-27 13:07,92.9711
2018-03-27 13:08,92.9699
2018-03-27 13:09,92.9751
2018-03-27 13:10,92.9809
2018-03-27 13:11,92.9856
2018-03-27 13:12,92.9904
2018-03-27 13:13,93.0014
2018-03-27 13:14,93.0064
2018-03-27 13:15,93.0154
2018-03-27 13:16,93.0256
2018-03-27 13:17,93.0379
2018-03-27 13:18,93.0504
2018-03-27 13:19,93.0629
2018-03-27 13:20,93.0679
2018-03-27 13:21,93.0681
2018-03-27 13:22,93.0698
2018-03-27 13:23,93.0693
2018-03-27 13:24,93.0674
2018-03-27 13:25,93.0554
2018-03-27 13:26,93.0444
2018-03-27 13:27,93.0332
2018-03-27 13:28,93.0197
2018-03-27 13:29,93.0033
2018-03-27 13:30,92.9818
2018-03-27 13:31,92.9648
2018-03-27 13:32,92.9498
2018-03-27 13:33,92.9293
2018-03-27 13:34,92.9053
2018-03-27 13:35,92.882
2018-03-27 13:36,92.8473
2018-03-27 13:37,92.8168
2018-03-27 13:38,92.7906
2018-03-27 13:39,92.7586
2018-03-27 13:40,92.7286
2018-03-27 13:41,92.7019
2018-03-27 13:42,92.6749
2018-03-27 13:43,92.6534
2018-03-27 13:44,92.6342
2018-03-27 13:45,92.6222
2018-03-27 13:46,92.6087
2018-03-27 13:47,92.5832
2018-03-27 13:48,92.5629
2018-03-27 13:49,92.5364
2018-03-27 13:50,92.5151
2018-03-27 13:51,92.4886
2018-03-27 13:52,92.4636
2018-03-27 13:53,92.4334
2018-03-27 13:54,92.4099
2018-03-27 13:55,92.3854
2018-03-27 13:56,92.3704
2018-03-27 13:57,92.3542
2018-03-27 13:58,92.3383
2018-03-27 13:59,92.3268
2018-03-27 14:00,92.3158
2018-03-27 14:01,92.3013
2018-03-27 14:02,92.2801
2018-03-27 14:03,92.2496
2018-03-27 14:04,92.2146
2018-03-27 14:05,92.1728
2018-03-27 14:06,92.1343
2018-03-27 14:07,92.1041
2018-03-27 14:08,92.0718
2018-03-27 14:09,92.0531
2018-03-27 14:10,92.0296
2018-03-27 14:11,92.0108
2018-03-27 14:12,92.0003
2018-03-27 14:13,92.0061
2018-03-27 14:14,92.0111
2018-03-27 14:15,92.0091
2018-03-27 14:16,92.0138
2018-03-27 14:17,92.0133
2018-03-27 14:18,92.0143
2018-03-27 14:19,92.0211
2018-03-27 14:20,92.0226
2018-03-27 14:21,92.0241
2018-03-27 14:22,92.0301
2018-03-27 14:23,92.0361
2018-03-27 14:24,92.0486
2018-03-27 14:25,92.063
2018-03-27 14:26,92.0665
2018-03-27 14:27,92.0712
2018-03-27 14:28,92.066
2018-03-27 14:29,92.054
2018-03-27 14:30,92.0465
2018-03-27 14:31,92.0412
2018-03-27 14:32,92.0222
2018-03-27 14:33,91.9992
2018-03-27 14:34,91.9787
2018-03-27 14:35,91.9656
2018-03-27 14:36,91.9471
2018-03-27 14:37,91.9331
2018-03-27 14:38,91.9119
2018-03-27 14:39,91.8847
2018-03-27 14:40,91.8682
2018-03-27 14:41,91.8602
2018-03-27 14:42,91.852
2018-03-27 14:43,91.8455
2018-03-27 14:44,91.8387
2018-03-27 14:45,91.8306
2018-03-27 14:46,91.8219
2018-03-27 14:47,91.8074
2018-03-27 14:48,91.7997
2018-03-27 14:49,91.7887
2018-03-27 14:50,91.7792
2018-03-27 14:51,91.7746
2018-03-27 14:52,91.7736
2018-03-27 14:53,91.7691
2018-03-27 14:54,91.7576
2018-03-27 14:55,91.7396
2018-03-27 14:56,91.7166
2018-03-27 14:57,91.6951
2018-03-27 14:58,91.6708
2018-03-27 14:59,91.6453
2018-03-27 15:00,91.6108
2018-03-27 15:01,91.5733
2018-03-27 15:02,91.5306
2018-03-27 15:03,91.4861
2018-03-27 15:04,91.4328
2018-03-27 15:05,91.3798
2018-03-27 15:06,91.331
2018-03-27 15:07,91.2855
2018-03-27 15:08,91.2275
2018-03-27 15:09,91.182
2018-03-27 15:10,91.143
2018-03-27 15:11,91.0921
2018-03-27 15:12,91.0421
2018-03-27 15:13,90.9901
2018-03-27 15:14,90.9426
2018-03-27 15:15,90.8911
2018-03-27 15:16,90.8586
2018-03-27 15:17,90.8226
2018-03-27 15:18,90.7923
2018-03-27 15:19,90.7548
2018-03-27 15:20,90.7141
2018-03-27 15:21,90.6713
2018-03-27 15:22,90.6428
2018-03-27 15:23,90.6058
2018-03-27 15:24,90.5763
2018-03-27 15:25,90.5506
2018-03-27 15:26,90.5216
2018-03-27 15:27,90.4891
2018-03-27 15:28,90.4755
2018-03-27 15:29,90.4455
2018-03-27 15:30,90.4008
2018-03-27 15:31,90.3563
2018-03-27 15:32,90.3068
2018-03-27 15:33,90.2498
2018-03-27 15:34,90.1788
2018-03-27 15:35,90.1248
2018-03-27 15:36,90.0668
2018-03-27 15:37,90.0183
2018-03-27 15:38,89.9615
2018-03-27 15:39,89.9206
2018-03-27 15:40,89.8849
2018-03-27 15:41,89.8531
2018-03-27 15:42,89.8036
2018-03-27 15:43,89.7749
2018-03-27 15:44,89.7349
2018-03-27 15:45,89.6781
2018-03-27 15:46,89.6181
2018-03-27 15:47,89.5556
2018-03-27 15:48,89.4756
2018-03-27 15:49,89.4236
2018-03-27 15:50,89.3799
2018-03-27 15:51,89.3529
2018-03-27 15:52,89.3425
2018-03-27 15:53,89.3425
2018-03-27 15:54,89.361
2018-03-27 15:55,89.359
2018-03-27 15:56,89.3463
2018-03-27 15:57,89.34
2018-03-27 15:58,89.3406
2018-03-27 15:59,89.3232
2018-03-27 16:00,89.3097
2018-03-28 09:30,89.3167
2018-03-28 09:31,89.3322
2018-03-28 09:32,89.3494
2018-03-28 09:33,89.3901
2018-03-28 09:34,89.4586
2018-03-28 09:35,89.5221
2018-03-28 09:36,89.6096
2018-03-28 09:37,89.7066
2018-03-28 09:38,89.7806
2018-03-28 09:39,89.8474
2018-03-28 09:40,89.8925
2018-03-28 09:41,89.9203
2018-03-28 09:42,89.9383
2018-03-28 09:43,89.9574
2018-03-28 09:44,89.9969
2018-03-28 09:45,90.0406
2018-03-28 09:46,90.0459
2018-03-28 09:47,90.0618
2018-03-28 09:48,90.0991
2018-03-28 09:49,90.1266
2018-03-28 09:50,90.1416
2018-03-28 09:51,90.1476
2018-03-28 09:52,90.1491
2018-03-28 09:53,90.1514
2018-03-28 09:54,90.1462
2018-03-28 09:55,90.1502
2018-03-28 09:56,90.1392
2018-03-28 09:57,90.1152
2018-03-28 09:58,90.1022
2018-03-28 09:59,90.1054
2018-03-28 10:00,90.1223
2018-03-28 10:01,90.1363
2018-03-28 10:02,90.1603
2018-03-28 10:03,90.1953
2018-03-28 10:04,90.2213
2018-03-28 10:05,90.2355
2018-03-28 10:06,90.2755
2018-03-28 10:07,90.3045
2018-03-28 10:08,90.32
2018-03-28 10:09,90.329
2018-03-28 10:10,90.3285
2018-03-28 10:11,90.338
2018-03-28 10:12,90.3295
2018-03-28 10:13,90.309
2018-03-28 10:14,90.2758
2018-03-28 10:15,90.2518
2018-03-28 10:16,90.2348
2018-03-28 10:17,90.2233
2018-03-28 10:18,90.2023
2018-03-28 10:19,90.1794
2018-03-28 10:20,90.1477
2018-03-28 10:21,90.1309
2018-03-28 10:22,90.1249
2018-03-28 10:23,90.0849
2018-03-28 10:24,90.0414
2018-03-28 10:25,90.0004
2018-03-28 10:26,89.9579
2018-03-28 10:27,89.9284
2018-03-28 10:28,89.8984
2018-03-28 10:29,89.8719
2018-03-28 10:30,89.8549
2018-03-28 10:31,89.8499
2018-03-28 10:32,89.8581
2018-03-28 10:33,89.8531
2018-03-28 10:34,89.8571
2018-03-28 10:35,89.8531
2018-03-28 10:36,89.8331
2018-03-28 10:37,89.8249
2018-03-28 10:38,89.8241
2018-03-28 10:39,89.8145
2018-03-28 10:40,89.8052
2018-03-28 10:41,89.787
2018-03-28 10:42,89.7525
2018-03-28 10:43,89.7279
2018-03-28 10:44,89.7034
2018-03-28 10:45,89.6916
2018-03-28 10:46,89.6688
2018-03-28 10:47,89.6308
2018-03-28 10:48,89.5893
2018-03-28 10:49,89.5566
2018-03-28 10:50,89.5181
2018-03-28 10:51,89.4666
2018-03-28 10:52,89.4288
2018-03-28 10:53,89.4018
2018-03-28 10:54,89.3723
2018-03-28 10:55,89.3592
2018-03-28 10:56,89.3547
2018-03-28 10:57,89.344
2018-03-28 10:58,89.3265
2018-03-28 10:59,89.313
2018-03-28 11:00,89.309
2018-03-28 11:01,89.3225
2018-03-28 11:02,89.336
2018-03-28 11:03,89.3556
2018-03-28 11:04,89.3726
2018-03-28 11:05,89.3799
2018-03-28 11:06,89.4021
2018-03-28 11:07,89.4329
2018-03-28 11:08,89.4769
2018-03-28 11:09,89.5156
2018-03-28 11:10,89.5556
2018-03-28 11:11,89.6076
2018-03-28 11:12,89.6371
2018-03-28 11:13,89.6656
2018-03-28 11:14,89.6896
2018-03-28 11:15,89.7008
2018-03-28 11:16,89.7038
2018-03-28 11:17,89.7098
2018-03-28 11:18,89.7255
2018-03-28 11:19,89.7488
2018-03-28 11:20,89.7668
2018-03-28 11:21,89.7637
2018-03-28 11:22,89.7647
2018-03-28 11:23,89.758
2018-03-28 11:24,89.7535
2018-03-28 11:25,89.7467
2018-03-28 11:26,89.7342
2018-03-28 11:27,89.7275
2018-03-28 11:28,89.7145
2018-03-28 11:29,89.7097
2018-03-28 11:30,89.6827
2018-03-28 11:31,89.6422
2018-03-28 11:32,89.6012
2018-03-28 11:33,89.5667
2018-03-28 11:34,89.5452
2018-03-28 11:35,89.5317
2018-03-28 11:36,89.5367
2018-03-28 11:37,89.5477
2018-03-28 11:38,89.5557
2018-03-28 11:39,89.5544
2018-03-28 11:40,89.5454
2018-03-28 11:41,89.5445
2018-03-28 11:42,89.5625
2018-03-28 11:43,89.581
2018-03-28 11:44,89.615
2018-03-28 11:45,89.6535
2018-03-28 11:46,89.6885
2018-03-28 11:47,89.7045
2018-03-28 11:48,89.732
2018-03-28 11:49,89.7467
2018-03-28 11:50,89.7852
2018-03-28 11:51,89.8177
2018-03-28 11:52,89.8582
2018-03-28 11:53,89.9002
2018-03-28 11:54,89.9267
2018-03-28 11:55,89.9392
2018-03-28 11:56,89.9485
2018-03-28 11:57,89.9535
2018-03-28 11:58,89.97
2018-03-28 11:59,89.978
2018-03-28 12:00,89.9905
2018-03-28 12:01,90.0125
2018-03-28 12:02,90.0085
2018-03-28 12:03,90.0128
2018-03-28 12:04,90.0008
2018-03-28 12:05,89.9803
2018-03-28 12:06,89.9643
2018-03-28 12:07,89.9613
2018-03-28 12:08,89.9463
2018-03-28 12:09,89.9513
2018-03-28 12:10,89.9518
2018-03-28 12:11,89.9803
2018-03-28 12:12,90.0083
2018-03-28 12:13,90.0398
2018-03-28 12:14,90.0858
2018-03-28 12:15,90.1463
2018-03-28 12:16,90.1963
2018-03-28 12:17,90.2366
2018-03-28 12:18,90.2681
2018-03-28 12:19,90.3163
2018-03-28 12:20,90.3728
2018-03-28 12:21,90.4223
2018-03-28 12:22,90.4748
2018-03-28 12:23,90.5188
2018-03-28 12:24,90.5598
2018-03-28 12:25,90.6113
2018-03-28 12:26,90.6678
2018-03-28 12:27,90.7088
2018-03-28 12:28,90.7383
2018-03-28 12:29,90.7498
2018-03-28 12:30,90.7598
2018-03-28 12:31,90.7558
2018-03-28 12:32,90.7536
2018-03-28 12:33,90.7396
2018-03-28 12:34,90.7206
2018-03-28 12:35,90.6971
2018-03-28 12:36,90.6877
2018-03-28 12:37,90.693
2018-03-28 12:38,90.688
2018-03-28 12:39,90.6772
2018-03-28 12:40,90.6623
2018-03-28 12:41,90.6428
2018-03-28 12:42,90.6282
2018-03-28 12:43,90.6197
2018-03-28 12:44,90.6149
2018-03-28 12:45,90.6029
2018-03-28 12:46,90.5899
2018-03-28 12:47,90.5844
2018-03-28 12:48,90.585
2018-03-28 12:49,90.5865
2018-03-28 12:50,90.588
2018-03-28 12:51,90.5787
2018-03-28 12:52,90.5712
2018-03-28 12:53,90.5682
2018-03-28 12:54,90.5657
2018-03-28 12:55,90.5487
2018-03-28 12:56,90.5139
2018-03-28 12:57,90.4699
2018-03-28 12:58,90.4279
2018-03-28 12:59,90.3839
2018-03-28 13:00,90.3354
2018-03-28 13:01,90.2769
2018-03-28 13:02,90.2227
2018-03-28 13:03,90.1652
2018-03-28 13:04,90.1165
2018-03-28 13:05,90.0738
2018-03-28 13:06,90.0378
2018-03-28 13:07,90.0003
2018-03-28 13:08,89.9667
2018-03-28 13:09,89.9537
2018-03-28 13:10,89.9457
2018-03-28 13:11,89.9365
2018-03-28 13:12,89.9263
2018-03-28 13:13,89.9163
2018-03-28 13:14,89.9018
2018-03-28 13:15,89.9008
2018-03-28 13:16,89.906
2018-03-28 13:17,89.905
2018-03-28 13:18,89.9045
2018-03-28 13:19,89.9095
2018-03-28 13:20,89.913
2018-03-28 13:21,89.939
2018-03-28 13:22,89.9705
2018-03-28 13:23,90.004
2018-03-28 13:24,90.0425
2018-03-28 13:25,90.0793
2018-03-28 13:26,90.1018
2018-03-28 13:27,90.128
2018-03-28 13:28,90.158
2018-03-28 13:29,90.1734
2018-03-28 13:30,90.1864
2018-03-28 13:31,90.1914
2018-03-28 13:32,90.1989
2018-03-28 13:33,90.2009
2018-03-28 13:34,90.1964
2018-03-28 13:35,90.1979
2018-03-28 13:36,90.2024
2018-03-28 13:37,90.2204
2018-03-28 13:38,90.2374
2018-03-28 13:39,90.2594
2018-03-28 13:40,90.2869
2018-03-28 13:41,90.2949
2018-03-28 13:42,90.2936
2018-03-28 13:43,90.2963
2018-03-28 13:44,90.2973
2018-03-28 13:45,90.2948
2018-03-28 13:46,90.3093
2018-03-28 13:47,90.3291
2018-03-28 13:48,90.3494
2018-03-28 13:49,90.3745
2018-03-28 13:50,90.3874
2018-03-28 13:51,90.4089
2018-03-28 13:52,90.422
2018-03-28 13:53,90.4415
2018-03-28 13:54,90.4645
2018-03-28 13:55,90.4865
2018-03-28 13:56,90.497
2018-03-28 13:57,90.5115
2018-03-28 13:58,90.523
2018-03-28 13:59,90.5252
2018-03-28 14:00,90.5262
2018-03-28 14:01,90.5437
2018-03-28 14:02,90.5427
2018-03-28 14:03,90.534
2018-03-28 14:04,90.5145
2018-03-28 14:05,90.4975
2018-03-28 14:06,90.4605
2018-03-28 14:07,90.42
2018-03-28 14:08,90.3847
2018-03-28 14:09,90.3427
2018-03-28 14:10,90.307
2018-03-28 14:11,90.2735
2018-03-28 14:12,90.2407
2018-03-28 14:13,90.2074
2018-03-28 14:14,90.1817
2018-03-28 14:15,90.1461
2018-03-28 14:16,90.1231
2018-03-28 14:17,90.0941
2018-03-28 14:18,90.0736
2018-03-28 14:19,90.0544
2018-03-28 14:20,90.0329
2018-03-28 14:21,90.0114
2018-03-28 14:22,90.0066
2018-03-28 14:23,90.0071
2018-03-28 14:24,89.9966
2018-03-28 14:25,89.9826
2018-03-28 14:26,89.9811
2018-03-28 14:27,89.9719
2018-03-28 14:28,89.9509
2018-03-28 14:29,89.9319
2018-03-28 14:30,89.9127
2018-03-28 14:31,89.8997
2018-03-28 14:32,89.8915
2018-03-28 14:33,89.8817
2018-03-28 14:34,89.866
2018-03-28 14:35,89.8605
2018-03-28 14:36,89.8472
2018-03-28 14:37,89.8332
2018-03-28 14:38,89.8307
2018-03-28 14:39,89.8327
2018-03-28 14:40,89.8437
2018-03-28 14:41,89.8482
2018-03-28 14:42,89.847
2018-03-28 14:43,89.84
2018-03-28 14:44,89.84
2018-03-28 14:45,89.84
2018-03-28 14:46,89.828
2018-03-28 14:47,89.8239
2018-03-28 14:48,89.8339
2018-03-28 14:49,89.8434
2018-03-28 14:50,89.8589
2018-03-28 14:51,89.8699
2018-03-28 14:52,89.8889
2018-03-28 14:53,89.9009
2018-03-28 14:54,89.9104
2018-03-28 14:55,89.9184
2018-03-28 14:56,89.9244
2018-03-28 14:57,89.9349
2018-03-28 14:58,89.9249
2018-03-28 14:59,89.9019
2018-03-28 15:00,89.8739
2018-03-28 15:01,89.8469
2018-03-28 15:02,89.8284
2018-03-28 15:03,89.8084
2018-03-28 15:04,89.7774
2018-03-28 15:05,89.7494
2018-03-28 15:06,89.7314
2018-03-28 15:07,89.7103
2018-03-28 15:08,89.6728
2018-03-28 15:09,89.6342
2018-03-28 15:10,89.5915
2018-03-28 15:11,89.562
2018-03-28 15:12,89.5315
2018-03-28 15:13,89.5055
2018-03-28 15:14,89.481
2018-03-28 15:15,89.4605
2018-03-28 15:16,89.4472
2018-03-28 15:17,89.4283
2018-03-28 15:18,89.4138
2018-03-28 15:19,89.4063
2018-03-28 15:20,89.4048
2018-03-28 15:21,89.3913
2018-03-28 15:22,89.3803
2018-03-28 15:23,89.3843
2018-03-28 15:24,89.4018
2018-03-28 15:25,89.4323
2018-03-28 15:26,89.4503
2018-03-28 15:27,89.4678
2018-03-28 15:28,89.4971
2018-03-28 15:29,89.5371
2018-03-28 15:30,89.5808
2018-03-28 15:31,89.6168
2018-03-28 15:32,89.6448
2018-03-28 15:33,89.6718
2018-03-28 15:34,89.6953
2018-03-28 15:35,89.7128
2018-03-28 15:36,89.7361
2018-03-28 15:37,89.7611
2018-03-28 15:38,89.7931
2018-03-28 15:39,89.8346
2018-03-28 15:40,89.8655
2018-03-28 15:41,89.9085
2018-03-28 15:42,89.9415
2018-03-28 15:43,89.9645
2018-03-28 15:44,89.981
2018-03-28 15:45,89.978
2018-03-28 15:46,89.989
2018-03-28 15:47,89.9985
2018-03-28 15:48,90.0013
2018-03-28 15:49,90.0018
2018-03-28 15:50,90.0038
2018-03-28 15:51,89.9985
2018-03-28 15:52,89.988
2018-03-28 15:53,89.9765
2018-03-28 15:54,89.97
2018-03-28 15:55,89.9603
2018-03-28 15:56,89.9386
2018-03-28 15:57,89.9151
2018-03-28 15:58,89.8871
2018-03-28 15:59,89.8416
2018-03-28 16:00,89.7986
2018-03-29 09:30,89.7986
2018-03-29 09:31,89.8068
2018-03-29 09:32,89.8108
2018-03-29 09:33,89.8093
2018-03-29 09:34,89.8113
2018-03-29 09:35,89.8078
2018-03-29 09:36,89.8018
2018-03-29 09:37,89.7898
2018-03-29 09:38,89.7618
2018-03-29 09:39,89.738
2018-03-29 09:40,89.7233
2018-03-29 09:41,89.7008
2018-03-29 09:42,89.6797
2018-03-29 09:43,89.6652
2018-03-29 09:44,89.6432
2018-03-29 09:45,89.6322
2018-03-29 09:46,89.6209
2018-03-29 09:47,89.5957
2018-03-29 09:48,89.5767
2018-03-29 09:49,89.5654
2018-03-29 09:50,89.5034
2018-03-29 09:51,89.4384
2018-03-29 09:52,89.3704
2018-03-29 09:53,89.3124
2018-03-29 09:54,89.2584
2018-03-29 09:55,89.2029
2018-03-29 09:56,89.1632
2018-03-29 09:57,89.1232
2018-03-29 09:58,89.0847
2018-03-29 09:59,89.0359
2018-03-29 10:00,88.9904
2018-03-29 10:01,88.9559
2018-03-29 10:02,88.9355
2018-03-29 10:03,88.9142
2018-03-29 10:04,88.8987
2018-03-29 10:05,88.8792
2018-03-29 10:06,88.8712
2018-03-29 10:07,88.8697
2018-03-29 10:08,88.8721
2018-03-29 10:09,88.8594
2018-03-29 10:10,88.8494
2018-03-29 10:11,88.8419
2018-03-29 10:12,88.8484
2018-03-29 10:13,88.8649
2018-03-29 10:14,88.8804
2018-03-29 10:15,88.8934
2018-03-29 10:16,88.8986
2018-03-29 10:17,88.9144
2018-03-29 10:18,88.9359
2018-03-29 10:19,88.9574
2018-03-29 10:20,88.9759
2018-03-29 10:21,88.9964
2018-03-29 10:22,89.0034
2018-03-29 10:23,89.0149
2018-03-29 10:24,89.0326
2018-03-29 10:25,89.0471
2018-03-29 10:26,89.0544
2018-03-29 10:27,89.0656
2018-03-29 10:28,89.0742
2018-03-29 10:29,89.0872
2018-03-29 10:30,89.0992
2018-03-29 10:31,89.1075
2018-03-29 10:32,89.1125
2018-03-29 10:33,89.1182
2018-03-29 10:34,89.1222
2018-03-29 10:35,89.1322
2018-03-29 10:36,89.1407
2018-03-29 10:37,89.1484
2018-03-29 10:38,89.1614
2018-03-29 10:39,89.1702
2018-03-29 10:40,89.1777
2018-03-29 10:41,89.1815
2018-03-29 10:42,89.1875
2018-03-29 10:43,89.1895
2018-03-29 10:44,89.1872
2018-03-29 10:45,89.1952
2018-03-29 10:46,89.2102
2018-03-29 10:47,89.2297
2018-03-29 10:48,89.2452
2018-03-29 10:49,89.2727
2018-03-29 10:50,89.3045
2018-03-29 10:51,89.3349
2018-03-29 10:52,89.3759
2018-03-29 10:53,89.4176
2018-03-29 10:54,89.4691
2018-03-29 10:55,89.5071
2018-03-29 10:56,89.5456
2018-03-29 10:57,89.5831
2018-03-29 10:58,89.6239
2018-03-29 10:59,89.683
2018-03-29 11:00,89.7413
2018-03-29 11:01,89.8041
2018-03-29 11:02,89.8724
2018-03-29 11:03,89.9391
2018-03-29 11:04,89.9954
2018-03-29 11:05,90.0426
2018-03-29 11:06,90.0804
2018-03-29 11:07,90.1124
2018-03-29 11:08,90.1569
2018-03-29 11:09,90.1929
2018-03-29 11:10,90.2231
2018-03-29 11:11,90.2532
2018-03-29 11:12,90.2602
2018-03-29 11:13,90.258
2018-03-29 11:14,90.2414
2018-03-29 11:15,90.2434
2018-03-29 11:16,90.2477
2018-03-29 11:17,90.249
2018-03-29 11:18,90.2407
2018-03-29 11:19,90.2185
2018-03-29 11:20,90.1967
2018-03-29 11:21,90.1715
2018-03-29 11:22,90.1382
2018-03-29 11:23,90.1077
2018-03-29 11:24,90.0824
2018-03-29 11:25,90.0552
2018-03-29 11:26,90.0372
2018-03-29 11:27,90.0222
2018-03-29 11:28,89.9972
2018-03-29 11:29,89.9717
2018-03-29 11:30,89.9497
2018-03-29 11:31,89.9172
2018-03-29 11:32,89.8977
2018-03-29 11:33,89.8771
2018-03-29 11:34,89.8677
2018-03-29 11:35,89.8547
2018-03-29 11:36,89.8331
2018-03-29 11:37,89.8151
2018-03-29 11:38,89.8081
2018-03-29 11:39,89.7964
2018-03-29 11:40,89.7842
2018-03-29 11:41,89.7802
2018-03-29 11:42,89.7785
2018-03-29 11:43,89.7737
2018-03-29 11:44,89.7735
2018-03-29 11:45,89.7792
2018-03-29 11:46,89.7702
2018-03-29 11:47,89.7697
2018-03-29 11:48,89.7747
2018-03-29 11:49,89.7812
2018-03-29 11:50,89.7917
2018-03-29 11:51,89.8157
2018-03-29 11:52,89.8381
2018-03-29 11:53,89.8627
2018-03-29 11:54,89.887
2018-03-29 11:55,89.9017
2018-03-29 11:56,89.922
2018-03-29 11:57,89.9437
2018-03-29 11:58,89.956
2018-03-29 11:59,89.976
2018-03-29 12:00,89.9967
2018-03-29 12:01,90.0127
2018-03-29 12:02,90.0242
2018-03-29 12:03,90.0279
2018-03-29 12:04,90.0274
2018-03-29 12:05,90.0227
2018-03-29 12:06,90.0194
2018-03-29 12:07,90.0159
2018-03-29 12:08,90.0014
2018-03-29 12:09,89.9835
2018-03-29 12:10,89.9645
2018-03-29 12:11,89.945
2018-03-29 12:12,89.9305
2018-03-29 12:13,89.9145
2018-03-29 12:14,89.8965
2018-03-29 12:15,89.8805
2018-03-29 12:16,89.8647
2018-03-29 12:17,89.8512
2018-03-29 12:18,89.839
2018-03-29 12:19,89.8285
2018-03-29 12:20,89.823
2018-03-29 12:21,89.8172
2018-03-29 12:22,89.814
2018-03-29 12:23,89.8125
2018-03-29 12:24,89.8185
2018-03-29 12:25,89.8265
2018-03-29 12:26,89.841
2018-03-29 12:27,89.8462
2018-03-29 12:28,89.8617
2018-03-29 12:29,89.8857
2018-03-29 12:30,89.9132
2018-03-29 12:31,89.9407
2018-03-29 12:32,89.9597
2018-03-29 12:33,89.981
2018-03-29 12:34,90.0045
2018-03-29 12:35,90.03
2018-03-29 12:36,90.0558
2018-03-29 12:37,90.0797
2018-03-29 12:38,90.1012
2018-03-29 12:39,90.1217
2018-03-29 12:40,90.1342
2018-03-29 12:41,90.1437
2018-03-29 12:42,90.1502
2018-03-29 12:43,90.1633
2018-03-29 12:44,90.1798
2018-03-29 12:45,90.1928
2018-03-29 12:46,90.2063
2018-03-29 12:47,90.2213
2018-03-29 12:48,90.2298
2018-03-29 12:49,90.2376
2018-03-29 12:50,90.2421
2018-03-29 12:51,90.2511
2018-03-29 12:52,90.2653
2018-03-29 12:53,90.2818
2018-03-29 12:54,90.2981
2018-03-29 12:55,90.3171
2018-03-29 12:56,90.3374
2018-03-29 12:57,90.3574
2018-03-29 12:58,90.3734
2018-03-29 12:59,90.3839
2018-03-29 13:00,90.3959
2018-03-29 13:01,90.4127
2018-03-29 13:02,90.4338
2018-03-29 13:03,90.4484
2018-03-29 13:04,90.4549
2018-03-29 13:05,90.4569
2018-03-29 13:06,90.4534
2018-03-29 13:07,90.4517
2018-03-29 13:08,90.4442
2018-03-29 13:09,90.4334
2018-03-29 13:10,90.4249
2018-03-29 13:11,90.4144
2018-03-29 13:12,90.4037
2018-03-29 13:13,90.3909
2018-03-29 13:14,90.3808
2018-03-29 13:15,90.365
2018-03-29 13:16,90.3482
2018-03-29 13:17,90.3297
2018-03-29 13:18,90.3187
2018-03-29 13:19,90.3119
2018-03-29 13:20,90.3074
2018-03-29 13:21,90.3017
2018-03-29 13:22,90.2953
2018-03-29 13:23,90.2935
2018-03-29 13:24,90.2938
2018-03-29 13:25,90.3013
2018-03-29 13:26,90.3128
2018-03-29 13:27,90.3193
2018-03-29 13:28,90.3363
2018-03-29 13:29,90.3538
2018-03-29 13:30,90.3728
2018-03-29 13:31,90.3863
2018-03-29 13:32,90.3981
2018-03-29 13:33,90.4163
2018-03-29 13:34,90.429
2018-03-29 13:35,90.4455
2018-03-29 13:36,90.4605
2018-03-29 13:37,90.475
2018-03-29 13:38,90.4945
2018-03-29 13:39,90.514
2018-03-29 13:40,90.5288
2018-03-29 13:41,90.5451
2018-03-29 13:42,90.5688
2018-03-29 13:43,90.5943
2018-03-29 13:44,90.6212
2018-03-29 13:45,90.649
2018-03-29 13:46,90.6718
2018-03-29 13:47,90.6973
2018-03-29 13:48,90.7218
2018-03-29 13:49,90.7458
2018-03-29 13:50,90.7688
2018-03-29 13:51,90.7973
2018-03-29 13:52,90.829
2018-03-29 13:53,90.8545
2018-03-29 13:54,90.878
2018-03-29 13:55,90.903
2018-03-29 13:56,90.9305
2018-03-29 13:57,90.9635
2018-03-29 13:58,90.99
2018-03-29 13:59,91.0228
2018-03-29 14:00,91.0524
2018-03-29 14:01,91.0712
2018-03-29 14:02,91.0847
2018-03-29 14:03,91.0937
2018-03-29 14:04,91.1027
2018-03-29 14:05,91.1098
2018-03-29 14:06,91.1261
2018-03-29 14:07,91.1438
2018-03-29 14:08,91.1628
2018-03-29 14:09,91.1838
2018-03-29 14:10,91.2018
2018-03-29 14:11,91.2216
2018-03-29 14:12,91.2441
2018-03-29 14:13,91.2666
2018-03-29 14:14,91.2876
2018-03-29 14:15,91.3086
2018-03-29 14:16,91.3256
2018-03-29 14:17,91.3366
2018-03-29 14:18,91.3401
2018-03-29 14:19,91.3356
2018-03-29 14:20,91.3427
2018-03-29 14:21,91.3625
2018-03-29 14:22,91.38
2018-03-29 14:23,91.395
2018-03-29 14:24,91.4033
2018-03-29 14:25,91.4078
2018-03-29 14:26,91.4148
2018-03-29 14:27,91.4216
2018-03-29 14:28,91.4274
2018-03-29 14:29,91.4289
2018-03-29 14:30,91.4354
2018-03-29 14:31,91.4436
2018-03-29 14:32,91.4428
2018-03-29 14:33,91.4393
2018-03-29 14:34,91.4458
2018-03-29 14:35,91.4548
2018-03-29 14:36,91.4653
2018-03-29 14:37,91.4768
2018-03-29 14:38,91.4968
2018-03-29 14:39,91.5133
2018-03-29 14:40,91.5258
2018-03-29 14:41,91.529
2018-03-29 14:42,91.5351
2018-03-29 14:43,91.5476
2018-03-29 14:44,91.5701
2018-03-29 14:45,91.5981
2018-03-29 14:46,91.6206
2018-03-29 14:47,91.6454
2018-03-29 14:48,91.6616
2018-03-29 14:49,91.6816
2018-03-29 14:50,91.7021
2018-03-29 14:51,91.7166
2018-03-29 14:52,91.7329
2018-03-29 14:53,91.7551
2018-03-29 14:54,91.7671
2018-03-29 14:55,91.7766
2018-03-29 14:56,91.7916
2018-03-29 14:57,91.8009
2018-03-29 14:58,91.8099
2018-03-29 14:59,91.8224
2018-03-29 15:00,91.8336
2018-03-29 15:01,91.8531
2018-03-29 15:02,91.8673
2018-03-29 15:03,91.8833
2018-03-29 15:04,91.9023
2018-03-29 15:05,91.9198
2018-03-29 15:06,91.9411
2018-03-29 15:07,91.9616
2018-03-29 15:08,91.9858
2018-03-29 15:09,92.0053
2018-03-29 15:10,92.0201
2018-03-29 15:11,92.0338
2018-03-29 15:12,92.0491
2018-03-29 15:13,92.0601
2018-03-29 15:14,92.0736
2018-03-29 15:15,92.0821
2018-03-29 15:16,92.0861
2018-03-29 15:17,92.0954
2018-03-29 15:18,92.1044
2018-03-29 15:19,92.1107
2018-03-29 15:20,92.1154
2018-03-29 15:21,92.1139
2018-03-29 15:22,92.1077
2018-03-29 15:23,92.0972
2018-03-29 15:24,92.0802
2018-03-29 15:25,92.0577
2018-03-29 15:26,92.0244
2018-03-29 15:27,91.9881
2018-03-29 15:28,91.9509
2018-03-29 15:29,91.9149
2018-03-29 15:30,91.8851
2018-03-29 15:31,91.8509
2018-03-29 15:32,91.8129
2018-03-29 15:33,91.7661
2018-03-29 15:34,91.7251
2018-03-29 15:35,91.6831
2018-03-29 15:36,91.6381
2018-03-29 15:37,91.5891
2018-03-29 15:38,91.5391
2018-03-29 15:39,91.502
2018-03-29 15:40,91.469
2018-03-29 15:41,91.4426
2018-03-29 15:42,91.4186
2018-03-29 15:43,91.3941
2018-03-29 15:44,91.3741
2018-03-29 15:45,91.3536
2018-03-29 15:46,91.3471
2018-03-29 15:47,91.3431
2018-03-29 15:48,91.3411
2018-03-29 15:49,91.3476
2018-03-29 15:50,91.3521
2018-03-29 15:51,91.3591
2018-03-29 15:52,91.3679
2018-03-29 15:53,91.3869
2018-03-29 15:54,91.3931
2018-03-29 15:55,91.4021
2018-03-29 15:56,91.4051
2018-03-29 15:57,91.4156
2018-03-29 15:58,91.4346
2018-03-29 15:59,91.4454
2018-03-29 16:00,91.4424
2018-04-02 09:30,91.4022
2018-04-02 09:31,91.3557
2018-04-02 09:32,91.3212
2018-04-02 09:33,91.2827
2018-04-02 09:34,91.2518
2018-04-02 09:35,91.2103
2018-04-02 09:36,91.1738
2018-04-02 09:37,91.1399
2018-04-02 09:38,91.1004
2018-04-02 09:39,91.0564
2018-04-02 09:40,91.0104
2018-04-02 09:41,90.9609
2018-04-02 09:42,90.9129
2018-04-02 09:43,90.8701
2018-04-02 09:44,90.8266
2018-04-02 09:45,90.7901
2018-04-02 09:46,90.7499
2018-04-02 09:47,90.7044
2018-04-02 09:48,90.6574
2018-04-02 09:49,90.6202
2018-04-02 09:50,90.6137
2018-04-02 09:51,90.614
2018-04-02 09:52,90.6019
2018-04-02 09:53,90.5964
2018-04-02 09:54,90.5876
2018-04-02 09:55,90.5766
2018-04-02 09:56,90.5571
2018-04-02 09:57,90.5398
2018-04-02 09:58,90.5256
2018-04-02 09:59,90.5071
2018-04-02 10:00,90.4931
2018-04-02 10:01,90.4783
2018-04-02 10:02,90.4588
2018-04-02 10:03,90.4318
2018-04-02 10:04,90.4108
2018-04-02 10:05,90.3923
2018-04-02 10:06,90.3785
2018-04-02 10:07,90.359
2018-04-02 10:08,90.3405
2018-04-02 10:09,90.3148
2018-04-02 10:10,90.2983
2018-04-02 10:11,90.2889
2018-04-02 10:12,90.2751
2018-04-02 10:13,90.2396
2018-04-02 10:14,90.2076
2018-04-02 10:15,90.1746
2018-04-02 10:16,90.1446
2018-04-02 10:17,90.1113
2018-04-02 10:18,90.0795
2018-04-02 10:19,90.048
2018-04-02 10:20,90.018
2018-04-02 10:21,89.9938
2018-04-02 10:22,89.9685
2018-04-02 10:23,89.962
2018-04-02 10:24,89.954
2018-04-02 10:25,89.945
2018-04-02 10:26,89.9205
2018-04-02 10:27,89.9015
2018-04-02 10:28,89.886
2018-04-02 10:29,89.8755
2018-04-02 10:30,89.851
2018-04-02 10:31,89.8193
2018-04-02 10:32,89.7938
2018-04-02 10:33,89.7755
2018-04-02 10:34,89.7595
2018-04-02 10:35,89.7435
2018-04-02 10:36,89.7245
2018-04-02 10:37,89.708
2018-04-02 10:38,89.6855
2018-04-02 10:39,89.6735
2018-04-02 10:40,89.662
2018-04-02 10:41,89.653
2018-04-02 10:42,89.6497
2018-04-02 10:43,89.6412
2018-04-02 10:44,89.6317
2018-04-02 10:45,89.6157
2018-04-02 10:46,89.6092
2018-04-02 10:47,89.6007
2018-04-02 10:48,89.5972
2018-04-02 10:49,89.6024
2018-04-02 10:50,89.6124
2018-04-02 10:51,89.6227
2018-04-02 10:52,89.6367
2018-04-02 10:53,89.6614
2018-04-02 10:54,89.6724
2018-04-02 10:55,89.6864
2018-04-02 10:56,89.6988
2018-04-02 10:57,89.7058
2018-04-02 10:58,89.7113
2018-04-02 10:59,89.7058
2018-04-02 11:00,89.6998
2018-04-02 11:01,89.6849
2018-04-02 11:02,89.6689
2018-04-02 11:03,89.6434
2018-04-02 11:04,89.6144
2018-04-02 11:05,89.5927
2018-04-02 11:06,89.5644
2018-04-02 11:07,89.5384
2018-04-02 11:08,89.4977
2018-04-02 11:09,89.4559
2018-04-02 11:10,89.4229
2018-04-02 11:11,89.3949
2018-04-02 11:12,89.3637
2018-04-02 11:13,89.3252
2018-04-02 11:14,89.2979
2018-04-02 11:15,89.2694
2018-04-02 11:16,89.242
2018-04-02 11:17,89.226
2018-04-02 11:18,89.2148
2018-04-02 11:19,89.2068
2018-04-02 11:20,89.2033
2018-04-02 11:21,89.2013
2018-04-02 11:22,89.1933
2018-04-02 11:23,89.1955
2018-04-02 11:24,89.204
2018-04-02 11:25,89.21
2018-04-02 11:26,89.2257
2018-04-02 11:27,89.2397
2018-04-02 11:28,89.2545
2018-04-02 11:29,89.2698
2018-04-02 11:30,89.2848
2018-04-02 11:31,89.2956
2018-04-02 11:32,89.3036
2018-04-02 11:33,89.3133
2018-04-02 11:34,89.3149
2018-04-02 11:35,89.3138
2018-04-02 11:36,89.3013
2018-04-02 11:37,89.2633
2018-04-02 11:38,89.2295
2018-04-02 11:39,89.19
2018-04-02 11:40,89.1505
2018-04-02 11:41,89.0975
2018-04-02 11:42,89.047
2018-04-02 11:43,88.9983
2018-04-02 11:44,88.9523
2018-04-02 11:45,88.909
2018-04-02 11:46,88.8606
2018-04-02 11:47,88.8176
2018-04-02 11:48,88.7839
2018-04-02 11:49,88.7496
2018-04-02 11:50,88.7036
2018-04-02 11:51,88.6638
2018-04-02 11:52,88.6271
2018-04-02 11:53,88.5781
2018-04-02 11:54,88.5445
2018-04-02 11:55,88.5141
2018-04-02 11:56,88.4971
2018-04-02 11:57,88.4981
2018-04-02 11:58,88.4996
